{"extracted_information": "La información proporcionada detalla la creación y las capacidades de los servicios de accesibilidad en Android, dirigidos a usuarios con discapacidades o que no pueden interactuar completamente con un dispositivo. El contenido se centra en la implementación técnica y no aborda explícitamente las 'implicaciones de seguridad' de manera extensiva, más allá de las protecciones de permisos intrínsecas del sistema Android y la advertencia implícita sobre la amplia capacidad de estos servicios para interactuar con la interfaz de usuario.", "specifications": {"api_level_support": {"android_8_0_api_26": ["Categoría de volumen STREAM_ACCESSIBILITY", "Acceso directo de accesibilidad (atajo de teclas de volumen)", "Botón de accesibilidad en el área de navegación", "Gestos de huella dactilar", "Texto a voz multilingüe", "Gestos continuos (programáticos)", "Ubicaciones de caracteres de texto en pantalla", "Valores de rango estandarizados"], "android_9_api_28": ["Detalles de cambio de ventana (getWindowChanges)", "Acceso a tooltips (getTooltipText, ACTION_SHOW_TOOLTIP, ACTION_HIDE_TOOLTIP)"], "android_2011": "Introducción de la capacidad de actuar en nombre de los usuarios (cambiar foco, seleccionar elementos UI)", "android_2012": "Expansión de acciones (desplazamiento de listas, campos de texto), acciones globales (Home, Back, notificaciones, apps recientes), foco de accesibilidad."}}, "pricing": {}, "features": [{"name": "Definición y propósito", "description": "Una aplicación que mejora la interfaz de usuario para asistir a usuarios con discapacidades o que no pueden interactuar completamente con un dispositivo (ej., conduciendo, cuidando a un niño, en un evento ruidoso)."}, {"name": "Creación del servicio", "description": "Extiende la clase `AccessibilityService`. Puede ser parte de una app normal o un proyecto independiente."}, {"name": "Declaraciones y permisos del manifiesto", "description": "Incluye un elemento `<service>` en el manifiesto con un filtro de intención de servicio de accesibilidad. Protegido con el permiso `BIND_ACCESSIBILITY_SERVICE` para asegurar que solo el sistema pueda vincularse a él."}, {"name": "Configuración del servicio de accesibilidad", "description": "Define los tipos de eventos de accesibilidad que maneja y otra información. Contenido en `AccessibilityServiceInfo`. Puede configurarse en tiempo de ejecución con `setServiceInfo()` o mediante un archivo XML (permite más opciones, como `canRetrieveWindowContent`).", "configurable_attributes_xml": ["android:description", "android:packageNames", "android:accessibilityEventTypes", "android:accessibilityFlags", "android:accessibilityFeedbackType", "android:notificationTimeout", "android:canRetrieveWindowContent", "android:settingsActivity"]}, {"name": "Métodos obligatorios de AccessibilityService", "methods": ["`onServiceConnected()`: (opcional) Llamado cuando el sistema se conecta, para configuración inicial.", "`onAccessibilityEvent()`: (requerido) Llamado cuando el sistema detecta un `AccessibilityEvent` que coincide con los parámetros de filtrado.", "`onInterrupt()`: (requerido) Llamado cuando el sistema quiere interrumpir la retroalimentación del servicio (ej., por acción del usuario).", "`onUnbind()`: (opcional) Llamado cuando el sistema está a punto de apagar el servicio, para procedimientos de cierre."]}, {"name": "Registro de eventos de accesibilidad", "description": "Permite especificar qué tipos de eventos y de qué aplicaciones puede manejar el servicio. Facilita la cooperación entre servicios de accesibilidad.", "criteria": ["Nombres de paquetes (`android:packageNames` o `AccessibilityServiceInfo.packageNames`): para manejar eventos de apps específicas.", "Tipos de eventos (`android:accessibilityEventTypes` o `AccessibilityServiceInfo.eventTypes`): para manejar tipos específicos de eventos (ej., `TYPE_VIEW_CLICKED`, `TYPE_VIEW_FOCUSED`)."]}, {"name": "Volumen de accesibilidad (Android 8.0+)", "description": "Categoría de volumen `STREAM_ACCESSIBILITY` permite controlar el volumen del audio del servicio independientemente. Se usa `FLAG_ENABLE_ACCESSIBILITY_VOLUME` y `adjustStreamVolume()`."}, {"name": "Acceso directo de accesibilidad (Android 8.0+)", "description": "Los usuarios pueden habilitar/deshabilitar servicios de accesibilidad presionando las teclas de volumen simultáneamente. El servicio debe solicitar la función en tiempo de ejecución."}, {"name": "Botón de accesibilidad (Android 8.0+)", "description": "En dispositivos con barra de navegación de software, un botón permite invocar características/servicios de accesibilidad. El servicio necesita `FLAG_REQUEST_ACCESSIBILITY_BUTTON` y registrar `registerAccessibilityButtonCallback()`."}, {"name": "Gestos de huella dactilar (Android 8.0+)", "description": "Los servicios pueden responder a deslizamientos direccionales en el sensor de huellas dactilares. Requiere `USE_BIOMETRIC` y `CAPABILITY_CAN_REQUEST_FINGERPRINT_GESTURES`, `FLAG_REQUEST_FINGERPRINT_GESTURES` y `registerFingerprintGestureCallback()`."}, {"name": "Texto a voz multilingüe (Android 8.0+)", "description": "El servicio TTS de Android puede identificar y hablar frases en múltiples idiomas dentro de un mismo bloque de texto envolviendo cadenas en objetos `LocaleSpan`."}, {"name": "Actuar en nombre de los usuarios", "description": "Desde 2011, los servicios pueden cambiar el foco de entrada y seleccionar/activar elementos de UI. Desde 2012, incluye desplazamiento de listas, interacción con campos de texto y acciones globales (Home, Back, notificaciones, apps recientes)."}, {"name": "Escuchar gestos (Explore by Touch)", "description": "Los servicios pueden escuchar gestos específicos si se activa 'Explorar por Toque' (`FLAG_REQUEST_TOUCH_EXPLORATION_MODE`). Las notificaciones se reciben a través de `onGesture()`."}, {"name": "Gestos continuos (Android 8.0+)", "description": "Soporte para gestos programáticos que contienen múltiples objetos `Path`, especificando si las acciones de trazo deben continuar."}, {"name": "Usar acciones de accesibilidad", "description": "Los servicios pueden realizar acciones dentro de apps (`performAction()`) o acciones globales (`performGlobalAction()`) si tienen permiso para ver el contenido de las apps (`android:canRetrieveWindowContent='true'`)."}, {"name": "Usar tipos de foco", "description": "Introducción del 'foco de accesibilidad' (2012), diferente del 'foco de entrada'. Permite a los servicios seleccionar y actuar sobre cualquier elemento visible de la UI. Métodos como `findFocus()`, `focusSearch()`, `performAction(ACTION_SET_ACCESSIBILITY_FOCUS)`."}, {"name": "Recopilación de información", "description": "Métodos estándar para recopilar información clave del usuario."}, {"name": "Obtener detalles de cambio de ventana (Android 9+)", "description": "Permite rastrear actualizaciones de ventanas con `getWindowChanges()` para `TYPE_WINDOWS_CHANGED` y `getContentChangeTypes()` para `TYPE_WINDOW_STATE_CHANGED`."}, {"name": "Obtener detalles de eventos", "description": "La plataforma Android proporciona `AccessibilityEvent` con más contexto desde la jerarquía de vistas (padres y hijos) desde 2011. Usa `getRecordCount()`, `getRecord()` para `AccessibilityRecord`, y `getSource()` para `AccessibilityNodeInfo`."}, {"name": "Procesar texto (Android 8.0+)", "description": "Funcionalidades para identificar y operar en unidades de texto."}, {"name": "Tooltips (Android 9+)", "description": "Acceso a tooltips de la UI con `getTooltipText()` y acciones `ACTION_SHOW_TOOLTIP` / `ACTION_HIDE_TOOLTIP`."}, {"name": "Texto de sugerencia (hint text, 2017+)", "description": "Interacción con texto de sugerencia (`isShowingHintText()`, `setShowingHintText()`, `getHintText()`)."}, {"name": "Ubicaciones de caracteres de texto en pantalla (Android 8.0+)", "description": "Determina las coordenadas de los cuadros delimitadores de cada carácter visible en un `TextView` usando `refreshWithExtraData()` con `EXTRA_DATA_TEXT_CHARACTER_LOCATION_KEY`."}, {"name": "Valores de rango estandarizados (Android 8.0+)", "description": "Representación de rangos unilaterales con `Float.NEGATIVE_INFINITY` (sin mínimo) y `Float.POSITIVE_INFINITY` (sin máximo) en `AccessibilityNodeInfo.RangeInfo`."}, {"name": "Respuesta a eventos de accesibilidad", "description": "Sobrescribir `onAccessibilityEvent()` para determinar el tipo de evento (`getEventType()`) y extraer texto de descripción (`getContentDescription()`)."}], "statistics": {}, "temporal_info": {"last_updated": "2024-07-11 UTC"}, "geographical_data": {}, "references": ["https://support.google.com/accessibility/android/answer/6283677?hl (TalkBack)", "/reference/android/accessibilityservice/AccessibilityService", "/reference/android/Manifest.permission#BIND_ACCESSIBILITY_SERVICE", "/reference/android/accessibilityservice/AccessibilityServiceInfo", "/reference/android/accessibilityservice/AccessibilityService#setServiceInfo(android.accessibilityservice.AccessibilityServiceInfo)", "/reference/android/R.styleable#AccessibilityService_description", "/reference/android/R.styleable#AccessibilityService_packageNames", "/reference/android/R.styleable#AccessibilityService_accessibilityEventTypes", "/reference/android/R.styleable#AccessibilityService_accessibilityFlags", "/reference/android/R.styleable#AccessibilityService_accessibilityFeedbackType", "/reference/android/R.styleable#AccessibilityService_notificationTimeout", "/reference/android/R.styleable#AccessibilityService_canRetrieveWindowContent", "/reference/android/R.styleable#AccessibilityService_settingsActivity", "/reference/android/accessibilityservice/AccessibilityService#onServiceConnected()", "/reference/android/view/accessibility/AccessibilityEvent", "/reference/android/accessibilityservice/AccessibilityService#onAccessibilityEvent(android.view.accessibility.AccessibilityEvent)", "/reference/android/accessibilityservice/AccessibilityService#onInterrupt()", "/reference/android/app/Service#onUnbind(android.content.Intent)", "/guide/topics/ui/accessibility/service#event-details", "/reference/android/media/AudioManager#STREAM_ACCESSIBILITY", "/reference/android/accessibilityservice/AccessibilityServiceInfo#FLAG_ENABLE_ACCESSIBILITY_VOLUME", "/reference/android/media/AudioManager#adjustStreamVolume(int,%20int,%20int)", "/reference/android/media/AudioManager", "https://www.youtube.com/watch?v=h5rRNXzy1xo&start=395 (What's new in Android accessibility - 2017, 6:35)", "https://www.youtube.com/watch?v=h5rRNXzy1xo&start=805 (What's new in Android accessibility - 2017, 13:25)", "/reference/android/accessibilityservice/AccessibilityServiceInfo#FLAG_REQUEST_ACCESSIBILITY_BUTTON", "/reference/android/accessibilityservice/AccessibilityButtonController#registerAccessibilityButtonCallback(android.accessibilityservice.AccessibilityButtonController.AccessibilityButtonCallback)", "https://www.youtube.com/watch?v=h5rRNXzy1xo&start=988 (What's new in Android accessibility - 2017, 16:28)", "/reference/android/Manifest.permission#USE_BIOMETRIC", "/reference/android/accessibilityservice/AccessibilityServiceInfo#CAPABILITY_CAN_REQUEST_FINGERPRINT_GESTURES", "/reference/android/accessibilityservice/AccessibilityServiceInfo#FLAG_REQUEST_FINGERPRINT_GESTURES", "/reference/android/accessibilityservice/FingerprintGestureController#registerFingerprintGestureCallback(android.accessibilityservice.FingerprintGestureController.FingerprintGestureCallback,%20android.os.Handler)", "/reference/android/hardware/fingerprint/FingerprintManager#isHardwareDetected()", "/reference/android/accessibilityservice/FingerprintGestureController#isGestureDetectionAvailable()", "/reference/android/accessibilityservice/FingerprintGestureController.FingerprintGestureCallback#onGestureDetectionAvailabilityChanged(boolean)", "https://www.youtube.com/watch?v=h5rRNXzy1xo&start=543 (What's new in Android accessibility - 2017, 9:03)", "/reference/android/text/style/LocaleSpan", "https://www.youtube.com/watch?v=h5rRNXzy1xo&start=659 (What's new in Android accessibility - 2017, 10:59)", "/reference/android/accessibilityservice/AccessibilityServiceInfo#flags", "/reference/android/accessibilityservice/AccessibilityServiceInfo#FLAG_REQUEST_TOUCH_EXPLORATION_MODE", "/reference/android/accessibilityservice/AccessibilityService#onGesture(android.accessibilityservice.AccessibilityGestureEvent)", "/reference/android/graphics/Path", "/reference/android/accessibilityservice/GestureDescription.StrokeDescription#StrokeDescription(android.graphics.Path,%20long,%20long)", "https://www.youtube.com/watch?v=h5rRNXzy1xo&start=947 (What's new in Android accessibility - 2017, 15:47)", "/reference/android/view/accessibility/AccessibilityNodeInfo", "/reference/android/view/accessibility/AccessibilityRecord#getSource()", "/reference/android/view/accessibility/AccessibilityNodeInfo#performAction(int)", "/reference/android/accessibilityservice/AccessibilityService#performGlobalAction(int)", "/guide/topics/ui/accessibility/testing", "/reference/android/view/accessibility/AccessibilityNodeInfo#findFocus(int)", "/reference/android/view/accessibility/AccessibilityNodeInfo#focusSearch(int)", "/reference/android/view/accessibility/AccessibilityNodeInfo#performAction(int) (ACTION_SET_ACCESSIBILITY_FOCUS)", "/reference/android/view/accessibility/AccessibilityEvent#TYPE_WINDOWS_CHANGED", "/reference/android/view/accessibility/AccessibilityEvent#getWindowChanges()", "/guide/topics/ui/accessibility/principles#a11y-pane-titles", "/reference/android/view/View", "/reference/android/view/accessibility/AccessibilityEvent#TYPE_WINDOW_STATE_CHANGED", "/reference/android/view/accessibility/AccessibilityEvent#getContentChangeTypes()", "/reference/android/view/accessibility/AccessibilityEvent#getRecordCount()", "/reference/android/view/accessibility/AccessibilityEvent#getRecord(int)", "/reference/android/view/accessibility/AccessibilityRecord", "/reference/android/accessibilityservice/AccessibilityRecord#getSource()", "http://android-developers.blogspot.com/2009/09/introduction-to-text-to-speech-in.html", "/reference/android/os/Vibrator", "/guide/topics/ui/tooltips", "/reference/android/view/accessibility/AccessibilityNodeInfo#getTooltipText()", "/reference/android/view/accessibility/AccessibilityNodeInfo.AccessibilityAction#ACTION_SHOW_TOOLTIP", "/reference/android/view/accessibility/AccessibilityNodeInfo.AccessibilityAction#HIDE_TOOLTIP", "/reference/android/view/accessibility/AccessibilityNodeInfo#isShowingHintText()", "/reference/android/view/accessibility/AccessibilityNodeInfo#setShowingHintText(boolean)", "/reference/android/view/accessibility/AccessibilityNodeInfo#getHintText()", "/reference/android/widget/TextView", "/reference/android/view/accessibility/AccessibilityNodeInfo#refreshWithExtraData(java.lang.String,%20android.os.Bundle)", "/reference/android/view/accessibility/AccessibilityNodeInfo#EXTRA_DATA_TEXT_CHARACTER_LOCATION_KEY", "/reference/android/os/Bundle", "/reference/android/graphics/Rect", "/reference/android/view/accessibility/AccessibilityNodeInfo.RangeInfo", "/reference/android/view/accessibility/AccessibilityNodeInfo.RangeInfo#obtain(int,%20float,%20float,%20float)", "/reference/android/view/accessibility/AccessibilityNodeInfo.RangeInfo#getMin()", "/reference/android/view/accessibility/AccessibilityNodeInfo.RangeInfo#getMax()", "/reference/java/lang/Float#NEGATIVE_INFINITY", "/reference/java/lang/Float#POSITIVE_INFINITY", "/reference/android/accessibilityservice/AccessibilityService#onAccessibilityEvent(android.view.accessibility.AccessibilityEvent)", "/reference/android/view/accessibility/AccessibilityEvent#getEventType()", "/reference/android/view/accessibility/AccessibilityRecord#getContentDescription()"]}