{"extracted_information": "El contenido web presenta una lista de 12 alternativas a WhatsApp Business para comunicación empresarial en 2025, enfocándose en la escalabilidad, seguridad y funcionalidades avanzadas. Se destacan plataformas para comunicación interna y externa, incluyendo aquellas con enfoque en seguridad (Signal, Telegram), y otras con ricas capacidades de API para integración y automatización (Telegram, WeChat Work, Viber, Twilio).", "specifications": {}, "pricing": {}, "features": [{"nombre": "Blink", "uso_principal": "Mensajería interna, comunicación móvil para empleados, consolidación de aplicaciones.", "descripcion": "Plataforma moderna para empleados con chat integrado, actualizaciones de la empresa, encuestas, formularios, intercambio de archivos e integraciones. Ideal para consolidar Slack, grupos de WhatsApp, correos electrónicos y procesos en papel en una aplicación segura.", "caracteristicas_clave": ["Comunicación segura y centralizada entre departamentos", "Chat privado y de grupo con notificaciones", "Combina mensajería con programación, formularios, documentos y alertas", "Diseñado para todos los empleados (escritorio, remoto, móvil)"], "limitaciones": [], "seguridad": "Segura, comunicación centralizada", "apis": null}, {"nombre": "Telegram para Negocios", "uso_principal": "Mensajería de difusión y crecimiento de canales públicos.", "descripcion": "Alternativa flexible a WhatsApp Business, especialmente para empresas que desean construir comunidades públicas o semipúblicas. Ideal para anuncios y transmisiones a gran escala.", "caracteristicas_clave": ["Canales públicos y privados", "Tamaños de grupo grandes (200k+)", "Bots e integraciones personalizadas", "Cifrado de extremo a extremo en 'Secret Chats'"], "limitaciones": [], "seguridad": "Cifrado de extremo a extremo en Secret Chats", "apis": "Bots e integraciones personalizadas"}, {"nombre": "Signal", "uso_principal": "Comunicación empresarial ultra-segura.", "descripcion": "Conocida por su enfoque en la privacidad. Es de código abierto, cifrado de extremo a extremo y gratuito. Ideal para empresas que manejan comunicaciones internas sensibles o que operan en industrias reguladas.", "caracteristicas_clave": ["Sin anuncios, sin seguimiento", "Totalmente cifrado", "Sin conexión a Meta/Facebook"], "limitaciones": ["Carece de herramientas empresariales nativas", "Sin integración con CRM", "Herramientas de colaboración en equipo limitadas"], "seguridad": "Ultra-segura, cifrado de extremo a extremo, de código abierto, sin seguimiento", "apis": null}, {"nombre": "Facebook Messenger para Negocios", "uso_principal": "Negocios que ya usan Páginas de Facebook.", "descripcion": "Se conecta directamente a la página de negocios y permite automatizar saludos, preguntas frecuentes y reservas de citas.", "caracteristicas_clave": ["Widgets de chat para sitios web", "Respuestas automáticas y plantillas", "Integración con Meta Business Suite"], "limitaciones": ["Dependiente de Facebook", "Carece de herramientas de nivel empresarial"], "seguridad": null, "apis": "Integración con Meta Business Suite"}, {"nombre": "WeChat Work (ahora Tencent WeCom)", "uso_principal": "Equipos y clientes en China.", "descripcion": "Versión empresarial de WeChat. Ofrece comunicación con clientes externos y mensajería interna en equipo.", "caracteristicas_clave": ["Gestión unificada de contactos", "Ecosistema de API enriquecido", "Transición fluida desde WeChat"], "limitaciones": [], "seguridad": null, "apis": "Ecosistema de API enriquecido"}, {"nombre": "Line Official Account", "uso_principal": "Negocios en Japón y el Sudeste Asiático.", "descripcion": "Herramienta para empresas con características como chat, cupones, anuncios y mensajería de difusión.", "caracteristicas_clave": ["Chatbots y respuestas automáticas", "Programas de fidelización", "Mensajería push dirigida"], "limitaciones": ["Base de usuarios regional"], "seguridad": null, "apis": null}, {"nombre": "Viber para Negocios", "uso_principal": "Pequeñas empresas y soporte al cliente.", "descripcion": "Proporciona mensajería empresarial a través de bots, listas de difusión y chat de servicio al cliente. Popular en Europa del Este y Medio Oriente.", "caracteristicas_clave": ["Mensajes de negocios verificados", "Opciones de medios enriquecidos y chatbot", "API de Negocios para desarrolladores"], "limitaciones": [], "seguridad": "Cifrado de extremo a extremo", "apis": "API de Negocios para desarrolladores"}, {"nombre": "Twilio Conversations", "uso_principal": "Mensajería multicanal a escala.", "descripcion": "Plataforma de comunicaciones API-first para construir flujos de trabajo similares a WhatsApp con flexibilidad a través de SMS, correo electrónico, mensajería en la aplicación y más.", "caracteristicas_clave": ["Bandeja de entrada unificada en todos los canales", "Flujos de automatización personalizados", "Cumplimiento y análisis de nivel empresarial"], "limitaciones": ["Requiere recursos de desarrollo"], "seguridad": null, "apis": "Plataforma API-first"}, {"nombre": "Slack", "uso_principal": "Mensajería interna y colaboración en equipo.", "descripcion": "Alternativa más organizada, buscable e integrada para chats de equipo.", "caracteristicas_clave": ["Canales para proyectos y equipos", "Integraciones con Google Drive, Jira, Zoom, etc.", "Hilos, reacciones y mensajes anclados"], "limitaciones": [], "seguridad": null, "apis": "Integraciones de aplicaciones"}, {"nombre": "Microsoft Teams", "uso_principal": "Usuarios de Microsoft 365.", "descripcion": "Proporciona comunicación interna estructurada con chat, llamadas, reuniones y colaboración de archivos.", "caracteristicas_clave": ["Integración profunda con Office y SharePoint", "Funciones de videollamadas y reuniones", "Soporte de seguridad y cumplimiento"], "limitaciones": [], "seguridad": "Soporte de seguridad y cumplimiento", "apis": null}, {"nombre": "Tidio", "uso_principal": "Chat en vivo y automatización de sitios web.", "descripcion": "Plataforma de soporte al cliente que incluye chat en vivo, chatbots y mensajería multicanal (incluyendo Messenger, Instagram y correo electrónico).", "caracteristicas_clave": ["Chat en vivo para sitios web", "Captura automatizada de leads y preguntas frecuentes", "Integraciones con CRM"], "limitaciones": [], "seguridad": null, "apis": null}, {"nombre": "Zoho Cliq", "uso_principal": "Pequeños equipos que usan el ecosistema Zoho.", "descripcion": "Herramienta ligera de chat en equipo con integraciones en la suite de productividad de Zoho.", "caracteristicas_clave": ["Controles de acceso basados en roles", "Conversaciones por hilos", "Llamadas de audio y video"], "limitaciones": [], "seguridad": null, "apis": null}], "statistics": {}, "temporal_info": {"año_referencia": "2025"}, "geographical_data": {"Telegram_Business": "Global", "Signal": "Global", "Facebook_Messenger_for_Business": "Global", "WeChat_Work": "Principalmente China", "Line_Official_Account": "Japón y Sudeste Asiático", "Viber_for_Business": "Popular en Europa del Este y Medio Oriente", "Twilio_Conversations": "Global", "Slack": "Global", "Microsoft_Teams": "Global", "Tidio": "Global", "Zoho_Cliq": "Global", "Blink": "Global"}, "references": []}