{"extracted_information": "El contenido web proporciona información detallada sobre el uso de la API de Telecom de Android para la gestión de llamadas, centrándose en el enrutamiento de audio para llamadas VoIP, especialmente con dispositivos Bluetooth. Destaca las clases `ConnectionService` y `Connection` para controlar el estado de la llamada y el enrutamiento de audio. También cubre la obtención del estado actual del audio y la gestión de dispositivos Bluetooth para el audio de la llamada.", "specifications": {"API_Telecom": "API para gestionar llamadas en Android, utilizada para enrutar audio y configurar conexiones VoIP.", "Clase_ConnectionService": "Una clase clave en la API de Telecom. Se utiliza para devolver una instancia de `Connection` cuando ocurre una llamada entrante o saliente. Necesita ser declarada en el manifiesto de la aplicación.", "Clase_Connection": "Controla el estado de la llamada actual. Se utiliza en conjunción con `ConnectionService`. Permite acceder al estado del audio y a la lista de dispositivos Bluetooth disponibles para enrutar el audio.", "Propiedades_Connection": {"PROPERTY_SELF_MANAGED": "Una propiedad para conexiones que indica que la aplicación gestiona la llamada por sí misma (autoadministrada).", "setAudioModeIsVoip(true)": "Configura el modo de audio para indicar que la llamada es una aplicación VoIP."}, "Metodos_Connection": {"getCallAudioState()": "Obtiene el estado actual del audio de la llamada (`CallAudioState`). Indica si el dispositivo está transmitiendo usando Bluetooth, Auricular, Con cable (Wired) o Altavoz (Speaker).", "onCallAudioStateChanged(CallAudioState audioState)": "Método de callback que se sobrescribe para suscribirse a los cambios en el estado del audio de la llamada. Alerta sobre cualquier cambio en el estado.", "requestBluetoothAudio(BluetoothDevice)": "(API nivel 28 y superior) Solicita enrutar el audio de la llamada a un dispositivo Bluetooth específico. Ejemplo de uso: `requestBluetoothAudio(availableBluetoothDevices[0])`.", "setAudioRoute(int)": "(API nivel 23 y superior) Habilita el enrutamiento de audio sin especificar un dispositivo. Se usa con `CallAudioState.ROUTE_BLUETOOTH` para enrutar al dispositivo Bluetooth activo actual."}, "Clase_CallAudioState": "Representa el estado actual del audio de la llamada.", "Metodos_CallAudioState": {"getActiveBluetoothDevice()": "Obtiene el dispositivo Bluetooth activo actual.", "getSupportedBluetoothDevices()": "Obtiene una colección de dispositivos Bluetooth que están disponibles para el enrutamiento de audio de la llamada."}, "VoIPConnection_Ejemplo": "Clase de ejemplo que extiende `Connection` y configura `PROPERTY_SELF_MANAGED` y `setAudioModeIsVoip(true)`.", "VoIPConnectionService_Ejemplo": "Clase de ejemplo que extiende `ConnectionService` y sobrescribe `onCreateOutgoingConnection` para devolver una instancia de `VoIPConnection`."}, "features": ["Control de llamadas VoIP mediante las clases `Connection` y `ConnectionService`.", "Configuración de propiedades de conexión como `PROPERTY_SELF_MANAGED` y `setAudioModeIsVoip`.", "Acceso al estado actual del audio de la llamada (Bluetooth, auricular, con cable, altavoz).", "Suscripción a cambios en el estado del audio de la llamada.", "Obtención del dispositivo Bluetooth activo actualmente.", "Obtención de una lista de dispositivos Bluetooth disponibles para el enrutamiento de audio.", "Enrutamiento programático del audio de la llamada a un dispositivo Bluetooth específico (API 28+).", "Enrutamiento programático del audio de la llamada a un dispositivo Bluetooth genérico (API 23+)."], "temporal_info": {"Ultima_actualizacion": "2024-01-03 UTC", "API_Nivel_Minimo_Audio_Routing": {"API_28_y_superior": "Uso recomendado de `requestBluetoothAudio(BluetoothDevice)` para enrutamiento a un dispositivo específico.", "API_23_y_superior": "Uso de `setAudioRoute(int)` con `CallAudioState.ROUTE_BLUETOOTH`."}}}