{"extracted_information": "Descripción general de los sensores de Android, sus categorías (movimiento, ambientales, posición), cómo funcionan, el framework de sensores para acceder a ellos, la disponibilidad por nivel de API, el sistema de coordenadas y las mejores prácticas para su uso.", "specifications": {"TYPE_ACCELEROMETER": {"tipo": "Hardware", "descripcion": "Mide la fuerza de aceleración en m/s2 aplicada a un dispositivo en los tres ejes físicos (x, y, z), incluyendo la fuerza de la gravedad.", "usos_comunes": "Detección de movimiento (agitación, inclinación, etc.)"}, "TYPE_AMBIENT_TEMPERATURE": {"tipo": "Hardware", "descripcion": "Mide la temperatura ambiente de la habitación en grados Celsius (°C).", "usos_comunes": "Monitoreo de temperaturas del aire."}, "TYPE_GRAVITY": {"tipo": "Software o Hardware", "descripcion": "Mide la fuerza de la gravedad en m/s2 aplicada a un dispositivo en los tres ejes físicos (x, y, z).", "usos_comunes": "Detección de movimiento (agitación, inclinación, etc.)."}, "TYPE_GYROSCOPE": {"tipo": "Hardware", "descripcion": "Mide la tasa de rotación de un dispositivo en rad/s alrededor de cada uno de los tres ejes físicos (x, y, z).", "usos_comunes": "Detección de rotación (giro, vuelta, etc.)."}, "TYPE_LIGHT": {"tipo": "Hardware", "descripcion": "Mide el nivel de luz ambiental (iluminación) en lx.", "usos_comunes": "Control del brillo de la pantalla."}, "TYPE_LINEAR_ACCELERATION": {"tipo": "Software o Hardware", "descripcion": "Mide la fuerza de aceleración en m/s2 aplicada a un dispositivo en los tres ejes físicos (x, y, z), excluyendo la fuerza de la gravedad.", "usos_comunes": "Monitoreo de la aceleración a lo largo de un solo eje."}, "TYPE_MAGNETIC_FIELD": {"tipo": "Hardware", "descripcion": "Mide el campo geomagnético ambiental para los tres ejes físicos (x, y, z) en μT.", "usos_comunes": "Creación de una brújula."}, "TYPE_ORIENTATION": {"tipo": "Software", "descripcion": "Mide los grados de rotación que un dispositivo realiza alrededor de los tres ejes físicos (x, y, z). (Obsoleto a partir de API nivel 3, se recomienda usar el sensor de gravedad y el sensor de campo geomagnético con `getRotationMatrix()`).", "usos_comunes": "Determinación de la posición del dispositivo."}, "TYPE_PRESSURE": {"tipo": "Hardware", "descripcion": "Mide la presión del aire ambiental en hPa o mbar.", "usos_comunes": "Monitoreo de cambios en la presión del aire."}, "TYPE_PROXIMITY": {"tipo": "Hardware", "descripcion": "Mide la proximidad de un objeto en cm en relación con la pantalla de un dispositivo. Se usa típicamente para determinar si un teléfono está siendo sostenido cerca del oído de una persona.", "usos_comunes": "Posición del teléfono durante una llamada."}, "TYPE_RELATIVE_HUMIDITY": {"tipo": "Hardware", "descripcion": "Mide la humedad relativa ambiental en porcentaje (%).", "usos_comunes": "Monitoreo del punto de rocío, humedad absoluta y relativa."}, "TYPE_ROTATION_VECTOR": {"tipo": "Software o Hardware", "descripcion": "Mide la orientación de un dispositivo proporcionando los tres elementos del vector de rotación del dispositivo.", "usos_comunes": "Detección de movimiento y detección de rotación."}, "TYPE_TEMPERATURE": {"tipo": "Hardware", "descripcion": "Mide la temperatura del dispositivo en grados Celsius (°C). (Obsoleto, reemplazado por `TYPE_AMBIENT_TEMPERATURE` en API Nivel 14).", "usos_comunes": "Monitoreo de temperaturas."}}, "pricing": {}, "features": [{"nombre": "Categorías de Sensores", "descripcion": "Android admite tres grandes categorías de sensores: Sensores de movimiento (miden fuerzas de aceleración/rotación), Sensores ambientales (miden parámetros ambientales como temperatura, presión, luz, humedad) y Sensores de posición (miden la posición física del dispositivo)."}, {"nombre": "Sensores Basados en Hardware vs. Software", "descripcion": "Los sensores basados en hardware son componentes físicos que miden propiedades ambientales directamente. Los sensores basados en software (virtuales/sintéticos) derivan datos de uno o más sensores de hardware (por ejemplo, sensores de aceleración lineal, gravedad)."}, {"nombre": "Framework de Sensores de Android", "descripcion": "Proporciona clases e interfaces en el paquete `android.hardware` para acceder a los sensores y adquirir datos crudos. Los componentes clave incluyen `SensorManager` (para instancias de servicio, listado, oyentes, orientación), `Sensor` (para capacidades de sensores específicos), `SensorEvent` (para datos de eventos: datos crudos, tipo, precisión, marca de tiempo) y `SensorEventListener` (para métodos de callback `onSensorChanged()` y `onAccuracyChanged()`)."}, {"nombre": "Identificación de Sensores y Capacidades", "descripcion": "Permite determinar los sensores disponibles y sus capacidades en tiempo de ejecución utilizando métodos de `SensorManager` como `getSensorList()` (con `TYPE_ALL` o tipos específicos) y `getDefaultSensor()`. Los métodos de la clase `Sensor` (`getResolution()`, `getMaximumRange()`, `getPower()`, `getVendor()`, `getVersion()`) proporcionan atributos detallados del sensor."}, {"nombre": "Sistema de Coordenadas del Sensor", "descripcion": "Utiliza un sistema de coordenadas estándar de 3 ejes (x, y, z) relativo a la pantalla del dispositivo en su orientación predeterminada. X es horizontal/derecha, Y es vertical/arriba, Z apunta hacia afuera de la cara de la pantalla. Los ejes no se intercambian cuando cambia la orientación de la pantalla. Algunos sensores/métodos utilizan un marco de referencia relativo al mundo."}, {"nombre": "Filtrado de Google Play", "descripcion": "Permite a los desarrolladores filtrar la disponibilidad de la aplicación en Google Play basándose en las configuraciones de los sensores del dispositivo utilizando el elemento `<uses-feature>` en `AndroidManifest.xml` (por ejemplo, para acelerómetro, giroscopio, proximidad). `android:required=\"true\"` para sensores esenciales, `false` para opcionales."}, {"nombre": "Mejores Prácticas para el Uso de Sensores", "descripcion": "Las directrices incluyen: recopilar datos del sensor solo en primer plano (restricciones de Android 9+), anular el registro de los oyentes del sensor cuando no se utilizan o la actividad se pausa para ahorrar batería, probar con los controles de sensores virtuales del Emulador de Android, evitar bloquear el método `onSensorChanged()`, evitar métodos/tipos de sensores obsoletos, verificar la existencia del sensor antes de usarlo y elegir cuidadosamente los retrasos del sensor para la eficiencia energética."}], "statistics": {"limitacion_tasa_sensores_android_12_api_31+": {"descripcion": "Para proteger la privacidad del usuario, Android 12 (API 31) y versiones superiores limitan las tasas de actualización para sensores de movimiento y posición (acelerómetro, giroscopio, sensor de campo geomagnético).", "limite_registerListener": "200 Hz", "limite_SensorDirectChannel": "RATE_NORMAL (~50 Hz)", "permiso_requerido_tasas_altas": "HIGH_SAMPLING_RATE_SENSORS"}, "opciones_retraso_datos_sensor": {"SENSOR_DELAY_NORMAL": "200,000 microsegundos", "SENSOR_DELAY_GAME": "20,000 microsegundos", "SENSOR_DELAY_UI": "60,000 microsegundos", "SENSOR_DELAY_FASTEST": "0 microsegundos"}}, "temporal_info": {"disponibilidad_sensor_por_api_nivel": {"TYPE_ACCELEROMETER": {"Android 1.5 (API Level 3)": "Sí", "Android 2.2 (API Level 8)": "Sí", "Android 2.3 (API Level 9)": "Sí", "Android 4.0 (API Level 14)": "Sí"}, "TYPE_AMBIENT_TEMPERATURE": {"Android 1.5 (API Level 3)": "n/a", "Android 2.2 (API Level 8)": "n/a", "Android 2.3 (API Level 9)": "n/a", "Android 4.0 (API Level 14)": "Sí"}, "TYPE_GRAVITY": {"Android 1.5 (API Level 3)": "n/a", "Android 2.2 (API Level 8)": "n/a", "Android 2.3 (API Level 9)": "Sí", "Android 4.0 (API Level 14)": "Sí"}, "TYPE_GYROSCOPE": {"Android 1.5 (API Level 3)": "n/a1", "Android 2.2 (API Level 8)": "n/a1", "Android 2.3 (API Level 9)": "Sí", "Android 4.0 (API Level 14)": "Sí"}, "TYPE_LIGHT": {"Android 1.5 (API Level 3)": "Sí", "Android 2.2 (API Level 8)": "Sí", "Android 2.3 (API Level 9)": "Sí", "Android 4.0 (API Level 14)": "Sí"}, "TYPE_LINEAR_ACCELERATION": {"Android 1.5 (API Level 3)": "n/a", "Android 2.2 (API Level 8)": "n/a", "Android 2.3 (API Level 9)": "Sí", "Android 4.0 (API Level 14)": "Sí"}, "TYPE_MAGNETIC_FIELD": {"Android 1.5 (API Level 3)": "Sí", "Android 2.2 (API Level 8)": "Sí", "Android 2.3 (API Level 9)": "Sí", "Android 4.0 (API Level 14)": "Sí"}, "TYPE_ORIENTATION": {"Android 1.5 (API Level 3)": "Sí", "Android 2.2 (API Level 8)": "Sí2", "Android 2.3 (API Level 9)": "Sí2", "Android 4.0 (API Level 14)": "Sí2"}, "TYPE_PRESSURE": {"Android 1.5 (API Level 3)": "n/a1", "Android 2.2 (API Level 8)": "n/a1", "Android 2.3 (API Level 9)": "Sí", "Android 4.0 (API Level 14)": "Sí"}, "TYPE_PROXIMITY": {"Android 1.5 (API Level 3)": "Sí", "Android 2.2 (API Level 8)": "Sí", "Android 2.3 (API Level 9)": "Sí", "Android 4.0 (API Level 14)": "Sí"}, "TYPE_RELATIVE_HUMIDITY": {"Android 1.5 (API Level 3)": "n/a", "Android 2.2 (API Level 8)": "n/a", "Android 2.3 (API Level 9)": "n/a", "Android 4.0 (API Level 14)": "Sí"}, "TYPE_ROTATION_VECTOR": {"Android 1.5 (API Level 3)": "n/a", "Android 2.2 (API Level 8)": "n/a", "Android 2.3 (API Level 9)": "Sí", "Android 4.0 (API Level 14)": "Sí"}, "TYPE_TEMPERATURE": {"Android 1.5 (API Level 3)": "Sí", "Android 2.2 (API Level 8)": "Sí", "Android 2.3 (API Level 9)": "Sí", "Android 4.0 (API Level 14)": "Sí2"}}, "notas_disponibilidad": ["1: Este tipo de sensor fue añadido en Android 1.5 (API Nivel 3), pero no estuvo disponible para su uso hasta Android 2.3 (API Nivel 9).", "2: Este sensor está disponible, pero ha sido declarado obsoleto.", "TYPE_TEMPERATURE fue reemplazado por TYPE_AMBIENT_TEMPERATURE en API Nivel 14."], "ultima_actualizacion": "2025-08-20 UTC"}, "geographical_data": {}, "references": [{"nombre": "Sensors", "url": "/guide/topics/sensors"}, {"nombre": "Motion Sensors", "url": "/guide/topics/sensors/sensors_motion"}, {"nombre": "Position Sensors", "url": "/guide/topics/sensors/sensors_position"}, {"nombre": "Environment Sensors", "url": "/guide/topics/sensors/sensors_environment"}, {"nombre": "API Demos (OS - RotationVectorDemo)", "url": "https://android.googlesource.com/platform/development/+/master/samples/ApiDemos/src/com/example/android/apis/os/RotationVectorDemo.java"}, {"nombre": "Continuous Report Mode", "url": "https://source.android.com/devices/sensors/report-modes#continuous"}, {"nombre": "On-change Report Mode", "url": "https://source.android.com/devices/sensors/report-modes#on-change"}, {"nombre": "One-shot Report Mode", "url": "https://source.android.com/devices/sensors/report-modes#one-shot"}, {"nombre": "Foreground Services", "url": "/guide/components/services#Foreground"}, {"nombre": "unregisterListener(SensorEventListener) API Reference", "url": "https://developer.android.com/reference/android/hardware/SensorManager#unregisterListener(android.hardware.SensorEventListener)"}, {"nombre": "USB Debugging Enablement", "url": "/studio/run/device#developer-device-options"}, {"nombre": "SdkController App Source", "url": "https://android.googlesource.com/platform/sdk/+/master/apps/SdkController/"}, {"nombre": "Android Emulator Guide", "url": "/studio/run/emulator"}, {"nombre": "Acceleration sensor", "url": "/guide/topics/sensors/sensors_motion#sensors-motion-accel"}, {"nombre": "Gravity sensor", "url": "/guide/topics/sensors/sensors_motion#sensors-motion-grav"}, {"nombre": "Gyroscope sensor", "url": "/guide/topics/sensors/sensors_motion#sensors-motion-gyro"}, {"nombre": "Linear acceleration sensor", "url": "/guide/topics/sensors/sensors_motion#sensors-motion-linear"}, {"nombre": "Geomagnetic field sensor", "url": "/guide/topics/sensors/sensors_position#sensors-pos-mag"}, {"nombre": "getOrientation() API Reference", "url": "https://developer.android.com/reference/android/hardware/SensorManager#getOrientation(float[],float[])"}, {"nombre": "getRotationMatrix() API Reference", "url": "https://developer.android.com/reference/android/hardware/SensorManager#getRotationMatrix(float[],float[],float[],float[])"}, {"nombre": "Orientation Sensor", "url": "/guide/topics/sensors/sensors_position#sensors-pos-orient"}, {"nombre": "Rotation Vector Sensor", "url": "/guide/topics/sensors/sensors_motion#sensors-motion-rotate"}, {"nombre": "registerListener() API Reference", "url": "https://developer.android.com/reference/android/hardware/SensorManager#registerListener(android.hardware.SensorEventListener, android.hardware.Sensor, int, int)"}, {"nombre": "SensorDirectChannel Class", "url": "https://developer.android.com/reference/android/hardware/SensorDirectChannel"}, {"nombre": "RATE_NORMAL Constant", "url": "https://developer.android.com/reference/android/hardware/SensorDirectChannel#RATE_NORMAL"}, {"nombre": "HIGH_SAMPLING_RATE_SENSORS Permission", "url": "https://developer.android.com/reference/android/Manifest.permission#HIGH_SAMPLING_RATE_SENSORS"}, {"nombre": "SecurityException Class", "url": "https://developer.android.com/reference/java/lang/SecurityException"}]}