{"extracted_information": "La implementación de OpenGL ES y EGL en Android requiere que los dispositivos proporcionen controladores para EGL, OpenGL ES 1.x y OpenGL ES 2.0 para compatibilidad, siendo el soporte para OpenGL ES 3.x opcional. Las consideraciones clave incluyen la robustez del controlador GL, el soporte para un número ilimitado de contextos GL (con hasta 20-30 activos simultáneamente), la asignación de memoria para cada contexto, y el soporte de formatos de imagen YV12 y otros YUV. Android 10 implementa la interfaz EGL 1.5 e introduce un sistema de capas para GLES 2.0+ que permite la carga y depuración de capas a través de comandos `adb shell`, con rutas de carga de controladores GL ES predefinidas en `/vendor/lib/egl` y `/vendor/lib64/egl` y convenciones de nombres de binarios específicos.", "specifications": {"compatibilidad_android": "Los dispositivos deben proporcionar controladores para EGL, OpenGL ES 1.x y OpenGL ES 2.0. El soporte para OpenGL ES 3.x es opcional.", "consideraciones_controlador_gl": ["Controlador GL robusto y conforme a los estándares OpenGL ES.", "Permitir un número ilimitado de contextos GL (no limitar el número de contextos).", "Considerar la cantidad de memoria asignada por contexto.", "Soporte para el formato de imagen YV12 y otros formatos de imagen YUV.", "Soporte de extensiones obligatorias: `EGL_KHR_wait_sync`, `GL_OES_texture_external`, `EGL_ANDROID_image_native_buffer`, `EGL_ANDROID_recordable`. Adicionalmente, `EGL_ANDROID_framebuffer_target` es requerida por Hardware Composer v1.1 y superiores."], "extensiones_recomendadas": ["EGL_ANDROID_blob_cache", "EGL_KHR_fence_sync", "EGL_ANDROID_native_fence_sync"], "version_egl": "Android 10 implementa la interfaz EGL 1.5.", "carga_controlador_gl_es": {"rutas_preferidas": {"32_bits": "/vendor/lib/egl", "64_bits": "/vendor/lib64/egl"}, "mecanismo_carga": "El cargador utiliza las propiedades del sistema `ro.hardware.egl` y `ro.board.platform` o el nombre exacto.", "nombres_binarios_controlador": {"un_binario": ["libGLES_${ro.hardware.egl}.so", "libGLES_${ro.board.platform}.so", "libGLES.so"], "tres_binarios": ["libEGL_${ro.hardware.egl}.so", "libGLESv1_CM_${ro.hardware.egl}.so", "libGLESv2_${ro.hardware.egl}.so", "libEGL_${ro.board.platform}.so", "libGLESv1_CM_${ro.board.platform}.so", "libGLESv2_${ro.board.platform}.so", "libEGL.so", "libGLESv1_CM.so", "libGLESv2.so"]}}}, "features": [{"nombre": "Capas OpenGL ES", "descripcion": "Introducidas en Android 10 para GLES 2.0+ como objetos compartidos. Permiten a las aplicaciones depurables descubrir y cargar capas usando mecanismos similares a Vulkan.", "funcionamiento": "GLES LayerLoader identifica las capas, llama a `AndroidGLESLayer_Initialize`, recorre las listas de funciones de libEGL y llama a `AndroidGLESLayer_GetProcAddress` para todas las funciones conocidas. Si una capa intercepta una función, rastrea su dirección; si no, `AndroidGLESLayer_GetProcAddress` devuelve la misma dirección de función que se le pasó. El LayerLoader actualiza la lista de hooks de función para apuntar al punto de entrada de la capa.", "habilitacion_por_aplicacion": {"comandos_habilitar": ["adb shell settings put global enable_gpu_debug_layers 1", "adb shell settings put global gpu_debug_app package_name", "adb shell settings put global gpu_debug_layers_gles layer1:layer2:...:layerN", "adb shell settings put global gpu_debug_layer_app package1:package2:...:packageN"], "comandos_deshabilitar": ["adb shell settings delete global enable_gpu_debug_layers", "adb shell settings delete global gpu_debug_app", "adb shell settings delete global gpu_debug_layer_app"], "persistencia": "La configuración por aplicación persiste después de reiniciar."}, "habilitacion_global": {"comando": "adb shell setprop debug.gles.layers layer1:layer2:...:layerN", "efecto": "Intenta cargar capas para todas las aplicaciones, incluidos los ejecutables nativos.", "persistencia": "Las propiedades globales se borran al reiniciar."}, "pruebas": "Las capas GLES están respaldadas por Android CTS y deben pasar las pruebas CTS para dispositivos compatibles. Se pueden probar ejecutando `$ atest CtsGpuToolsHostTestCases`."}], "pricing": {}, "statistics": {"contextos_gl_activos_simultaneamente": "Común tener 20-30 contextos GL activos a la vez."}, "temporal_info": {"introduccion_egl_1_5_y_capas_gles": "Android 10", "ultima_actualizacion_contenido": "2025-06-18 UTC"}, "geographical_data": {}, "references": ["https://www.opengl.org/", "https://www.khronos.org/opengles/", "https://developer.android.com/docs/compatibility/overview", "https://www.khronos.org/registry/EGL/specs/eglspec.1.5.pdf", "https://www.khronos.org/news/press/khronos-releases-egl-1.5-specification", "https://android.googlesource.com/platform/frameworks/native/+/refs/heads/android16-release/opengl/libs/EGL/Loader.h", "https://developer.android.com/ndk/guides/graphics/validation-layer#vl-adb", "https://developer.android.com/license"]}