{"extracted_information": "Información detallada sobre las capacidades y comandos de ADB (Android Debug Bridge) para el control del sistema.", "specifications": {"adb_components": [{"name": "Cliente", "description": "Envía comandos. Se ejecuta en la máquina de desarrollo del usuario. Se invoca desde la terminal de línea de comandos.", "location": "Máquina de desarrollo"}, {"name": "Daemon (adbd)", "description": "Ejecuta comandos en el dispositivo. Se ejecuta como un proceso en segundo plano en cada dispositivo.", "location": "Dispositivo"}, {"name": "Servidor", "description": "Gestiona la comunicación entre el cliente y el daemon. Se ejecuta como un proceso en segundo plano en la máquina de desarrollo.", "location": "Máquina de desarrollo", "port": "TCP 5037"}], "installation_location": "android_sdk/platform-tools/", "emulator_port_range": "5555 a 5585 (puertos impares para adb, puertos pares para consola)", "supported_android_versions_wireless_debugging": {"phone": "Android 11 (API nivel 30) o superior", "tv_wearos": "Android 13 (API nivel 33) o superior"}, "screenrecord_min_api_level": "Android 4.4 (API nivel 19)", "art_profiles_min_api_level": "Android 7.0 (API nivel 24)", "testharness_min_api_level": "Android 10 (API nivel 29)", "dpm_clear_freeze_period_record_min_api_level": "Android 9.0 (API nivel 28)", "dpm_force_network_logs_min_api_level": "Android 9.0 (API nivel 28)", "dpm_force_security_logs_min_api_level": "Android 9.0 (API nivel 28)", "dumpbitmaps_api_level": "API level 36 y superior", "dumpheap_bitmaps_api_level": "API level 35 y superior"}, "features": [{"name": "Comunicación con dispositivos", "description": "Permite la comunicación con un dispositivo Android para diversas acciones, como instalar y depurar aplicaciones, y acceder a un shell Unix."}, {"name": "Conexión USB", "description": "Conexión estándar con depuración USB habilitada en las Opciones de desarrollador del dispositivo.", "prerequisites": "Depuración USB habilitada, Opciones de desarrollador visibles (Android 4.2+), aceptación de clave RSA (Android 4.2.2+)."}, {"name": "Conexión Wi-Fi (Android 11+)", "description": "Permite la depuración inalámbrica desde la estación de trabajo. Requiere que la estación de trabajo y el dispositivo estén en la misma red inalámbrica.", "pairing_methods": ["Código QR", "Código de emparejamiento de 6 dígitos"], "command_line_pairing_steps": ["Habilitar opciones de desarrollador y depuración inalámbrica en el dispositivo.", "En la terminal, navegar a `android_sdk/platform-tools`.", "En el dispositivo, seleccionar 'Pair device with pairing code' para obtener IP, puerto y código.", "En la terminal, ejecutar `adb pair ipaddr:port`.", "Introducir el código de emparejamiento cuando se solicite."]}, {"name": "Conexión Wi-Fi (Android 10 y anteriores)", "description": "Requiere una conexión USB inicial para configurar la escucha TCP/IP.", "steps": ["Conectar dispositivo Android y host adb a la misma red Wi-Fi.", "Conectar el dispositivo al host con un cable USB.", "Configurar el dispositivo objetivo para escuchar conexiones TCP/IP en el puerto 5555: `adb tcpip 5555`.", "Desconectar el cable USB.", "Encontrar la dirección IP del dispositivo Android.", "Conectarse al dispositivo por su IP: `adb connect device_ip_address:5555`."]}, {"name": "Consulta de dispositivos", "description": "Obtener una lista de instancias de dispositivos conectadas al servidor adb.", "command": "adb devices [-l]", "output_fields": ["Número de serie (identificador único)", "Estado (`offline`, `device`, `no device`)", "Descripción (si se usa `-l`)"]}, {"name": "Envío de comandos a un dispositivo específico", "description": "Permite dirigir comandos adb a un dispositivo particular cuando hay múltiples conectados.", "options": ["`-s serial_number`: Especifica el número de serie del dispositivo.", "`-e`: Dirige comandos al emulador (si solo hay uno).", "`-d`: Dirige comandos al dispositivo de hardware (si solo hay uno).", "`$ANDROID_SERIAL`: Variable de entorno para establecer el número de serie por defecto."]}, {"name": "Instalar una aplicación", "description": "Instala un archivo APK en un emulador o dispositivo conectado.", "command": "adb install path_to_apk", "options": ["`-t`: Requerido para instalar APKs de prueba.", "`install-multiple`: Para instalar múltiples APKs."]}, {"name": "Configurar reenvío de puertos", "description": "Reenvía solicitudes de un puerto del host a un puerto diferente en el dispositivo.", "command_syntax": "adb forward tcp:host_port tcp:device_port", "example": "adb forward tcp:6100 tcp:7100"}, {"name": "Copiar archivos desde y hacia un dispositivo", "description": "Copia archivos y directorios entre la máquina de desarrollo y el dispositivo.", "commands": [{"name": "adb pull", "description": "Copia un archivo o directorio *desde* el dispositivo.", "syntax": "adb pull remote local"}, {"name": "adb push", "description": "Copia un archivo o directorio *hacia* el dispositivo.", "syntax": "adb push local remote"}]}, {"name": "Detener el servidor adb", "description": "Termina el proceso del servidor adb. Útil para resolver problemas.", "command": "adb kill-server"}, {"name": "Emitir comandos de shell", "description": "Permite ejecutar comandos de shell en el dispositivo o iniciar un shell interactivo.", "commands": [{"name": "adb shell shell_command", "description": "Ejecuta un solo comando de shell."}, {"name": "adb shell", "description": "Inicia un shell interactivo en el dispositivo."}], "notes": "Android proporciona la mayoría de las herramientas de línea de comandos Unix (`ls /system/bin`).", "metacharacter_handling": "A partir de Android Platform Tools 23, adb maneja los argumentos como `ssh(1)`, requiriendo doble comilla o escape para metacaracteres."}, {"name": "Administrador de actividades (`am`)", "description": "Herramienta de shell para realizar diversas acciones del sistema, como iniciar una actividad, forzar la detención de un proceso, transmitir una intención, modificar las propiedades de la pantalla.", "syntax": "`am command` (dentro del shell) o `adb shell am command` (directamente)", "commands": [{"command": "start [options] intent", "description": "Iniciar una Activity."}, {"command": "startservice [options] intent", "description": "Iniciar un Service."}, {"command": "force-stop package", "description": "Forzar la detención de todo lo asociado a un paquete."}, {"command": "kill [options] package", "description": "Terminar todos los procesos asociados a un paquete."}, {"command": "kill-all", "description": "Terminar todos los procesos en segundo plano."}, {"command": "broadcast [options] intent", "description": "Emitir una intención de difusión."}, {"command": "instrument [options] component", "description": "Iniciar la monitorización con una instancia de Instrumentation."}, {"command": "profile start process file", "description": "Iniciar el profiler en un proceso."}, {"command": "profile stop process", "description": "Detener el profiler en un proceso."}, {"command": "dumpheap [options] process file", "description": "Volcar el heap de un proceso."}, {"command": "dumpbitmaps [options] [-p process]", "description": "Volcar información de bitmaps de un proceso (API 36+)."}, {"command": "set-debug-app [options] package", "description": "Establecer una aplicación para depuración."}, {"command": "clear-debug-app", "description": "Borrar la aplicación previamente establecida para depuración."}, {"command": "monitor [options]", "description": "Iniciar la monitorización de fallos o ANRs."}, {"command": "screen-compat {on | off} package", "description": "Controlar el modo de compatibilidad de pantalla."}, {"command": "display-size [reset | widthxheight]", "description": "Sobrescribir el tamaño de la pantalla del dispositivo."}, {"command": "display-density dpi", "description": "Sobrescribir la densidad de la pantalla del dispositivo."}, {"command": "to-uri intent", "description": "Imprimir la especificación de intención como URI."}, {"command": "to-intent-uri intent", "description": "Imprimir la especificación de intención como `intent:` URI."}], "intent_arguments_specification": [{"arg": "-a action", "description": "Especificar la acción de la intención."}, {"arg": "-d data_uri", "description": "Especificar la URI de datos de la intención."}, {"arg": "-t mime_type", "description": "Especificar el tipo MIME de la intención."}, {"arg": "-c category", "description": "Especificar una categoría de intención."}, {"arg": "-n component", "description": "Especificar el nombre del componente."}, {"arg": "-f flags", "description": "Añadir flags a la intención."}, {"arg": "--esn extra_key", "description": "Añadir un extra nulo."}, {"arg": "-e | --es extra_key extra_string_value", "description": "Añadir datos de cadena."}, {"arg": "--ez extra_key extra_boolean_value", "description": "Añadir datos booleanos."}, {"arg": "--ei extra_key extra_int_value", "description": "Añadir datos enteros."}, {"arg": "--el extra_key extra_long_value", "description": "Añadir datos largos."}, {"arg": "--ef extra_key extra_float_value", "description": "Añadir datos flotantes."}, {"arg": "--eu extra_key extra_uri_value", "description": "Añadir datos URI."}, {"arg": "--ecn extra_key extra_component_name_value", "description": "Añadir un nombre de componente."}, {"arg": "--eia extra_key extra_int_value[,...]", "description": "Añadir un array de enteros."}, {"arg": "--ela extra_key extra_long_value[,...]", "description": "Añadir un array de largos."}, {"arg": "--efa extra_key extra_float_value[,...]", "description": "Añadir un array de flotantes."}, {"arg": "--grant-read-uri-permission", "description": "Incluir FLAG_GRANT_READ_URI_PERMISSION."}, {"arg": "--grant-write-uri-permission", "description": "Incluir FLAG_GRANT_WRITE_URI_PERMISSION."}, {"arg": "--debug-log-resolution", "description": "Incluir FLAG_DEBUG_LOG_RESOLUTION."}, {"arg": "--exclude-stopped-packages", "description": "Incluir FLAG_EXCLUDE_STOPPED_PACKAGES."}, {"arg": "--include-stopped-packages", "description": "Incluir FLAG_INCLUDE_STOPPED_PACKAGES."}, {"arg": "--activity-brought-to-front", "description": "Incluir FLAG_ACTIVITY_BROUGHT_TO_FRONT."}, {"arg": "--activity-clear-top", "description": "Incluir FLAG_ACTIVITY_CLEAR_TOP."}, {"arg": "--activity-clear-when-task-reset", "description": "Incluir FLAG_ACTIVITY_CLEAR_WHEN_TASK_RESET."}, {"arg": "--activity-exclude-from-recents", "description": "Incluir FLAG_ACTIVITY_EXCLUDE_FROM_RECENTS."}, {"arg": "--activity-launched-from-history", "description": "Incluir FLAG_ACTIVITY_LAUNCHED_FROM_HISTORY."}, {"arg": "--activity-multiple-task", "description": "Incluir FLAG_ACTIVITY_MULTIPLE_TASK."}, {"arg": "--activity-no-animation", "description": "Incluir FLAG_ACTIVITY_NO_ANIMATION."}, {"arg": "--activity-no-history", "description": "Incluir FLAG_ACTIVITY_NO_HISTORY."}, {"arg": "--activity-no-user-action", "description": "Incluir FLAG_ACTIVITY_NO_USER_ACTION."}, {"arg": "--activity-previous-is-top", "description": "Incluir FLAG_ACTIVITY_PREVIOUS_IS_TOP."}, {"arg": "--activity-reorder-to-front", "description": "Incluir FLAG_ACTIVITY_REORDER_TO_FRONT."}, {"arg": "--activity-reset-task-if-needed", "description": "Incluir FLAG_ACTIVITY_RESET_TASK_IF_NEEDED."}, {"arg": "--activity-single-top", "description": "Incluir FLAG_ACTIVITY_SINGLE_TOP."}, {"arg": "--activity-clear-task", "description": "Incluir FLAG_ACTIVITY_CLEAR_TASK."}, {"arg": "--activity-task-on-home", "description": "Incluir FLAG_ACTIVITY_TASK_ON_HOME."}, {"arg": "--receiver-registered-only", "description": "Incluir FLAG_RECEIVER_REGISTERED_ONLY."}, {"arg": "--receiver-replace-pending", "description": "Incluir FLAG_RECEIVER_REPLACE_PENDING."}, {"arg": "--selector", "description": "Requiere -d y -t."}, {"arg": "URI component package", "description": "Especificación directa de URI, nombre de paquete y nombre de componente."}]}, {"name": "Administrador de paquetes (`pm`)", "description": "Herramienta de shell para realizar acciones y consultas sobre paquetes de aplicaciones instalados en el dispositivo.", "syntax": "`pm command` (dentro del shell) o `adb shell pm command` (directamente)", "commands": [{"command": "list packages [options] filter", "description": "Imprimir todos los paquetes."}, {"command": "list permission-groups", "description": "Imprimir todos los grupos de permisos conocidos."}, {"command": "list permissions [options] group", "description": "Imprimir todos los permisos conocidos."}, {"command": "list instrumentation [options]", "description": "Listar todos los paquetes de prueba."}, {"command": "list features", "description": "Imprimir todas las características del sistema."}, {"command": "list libraries", "description": "Imprimir todas las bibliotecas soportadas por el dispositivo."}, {"command": "list users", "description": "Imprimir todos los usuarios en el sistema."}, {"command": "path package", "description": "Imprimir la ruta al APK de un paquete dado."}, {"command": "install [options] path", "description": "Instalar un paquete."}, {"command": "uninstall [options] package", "description": "Eliminar un paquete del sistema."}, {"command": "clear package", "description": "Eliminar todos los datos asociados a un paquete."}, {"command": "enable package_or_component", "description": "Habilitar un paquete o componente."}, {"command": "disable package_or_component", "description": "Deshabilitar un paquete o componente."}, {"command": "disable-user [options] package_or_component", "description": "Deshabilitar un usuario."}, {"command": "grant package_name permission", "description": "Conceder un permiso a una aplicación."}, {"command": "revoke package_name permission", "description": "Revocar un permiso de una aplicación."}, {"command": "set-install-location location", "description": "Cambiar la ubicación de instalación por defecto."}, {"command": "get-install-location", "description": "Devuelve la ubicación de instalación actual."}, {"command": "set-permission-enforced permission [true | false]", "description": "Especificar si un permiso debe ser aplicado."}, {"command": "trim-caches desired_free_space", "description": "Recortar archivos de caché para alcanzar el espacio libre deseado."}, {"command": "create-user user_name", "description": "Crear un nuevo usuario."}, {"command": "remove-user user_id", "description": "Eliminar un usuario."}, {"command": "get-max-users", "description": "Imprimir el número máximo de usuarios soportados."}, {"command": "get-app-links [options] [package]", "description": "Imprimir el estado de verificación de dominio para un paquete."}, {"command": "reset-app-links [options] [package]", "description": "Restablecer el estado de verificación de dominio."}, {"command": "verify-app-links [--re-verify] [package]", "description": "Enviar una solicitud de verificación para un paquete."}, {"command": "set-app-links [--package package] state domains", "description": "Establecer manualmente el estado de un dominio para un paquete."}, {"command": "set-app-links-user-selection --user user_id [--package package] enabled domains", "description": "Establecer manualmente el estado de selección de usuario de host para un paquete."}, {"command": "set-app-links-allowed --user user_id [--package package] allowed", "description": "Alternar la configuración de manejo de enlaces auto-verificados para un paquete."}, {"command": "get-app-link-owners --user user_id [--package package] domains", "description": "Imprimir los propietarios de un dominio específico para un usuario."}]}, {"name": "Administrador de políticas de dispositivo (`dpm`)", "description": "Herramienta para desarrollar y probar aplicaciones de gestión de dispositivos, controlar la aplicación de administración activa o cambiar el estado de una política en el dispositivo.", "syntax": "`dpm command` (dentro del shell) o `adb shell dpm command` (directamente)", "commands": [{"command": "set-active-admin [options] component", "description": "Establece el componente como administrador activo."}, {"command": "set-profile-owner [options] component", "description": "Establece el componente como administrador activo y su paquete como propietario de perfil."}, {"command": "set-device-owner [options] component", "description": "Establece el componente como administrador activo y su paquete como propietario del dispositivo."}, {"command": "remove-active-admin [options] component", "description": "Deshabilita un administrador activo."}, {"command": "clear-freeze-period-record", "description": "Borra el registro de periodos de congelación para actualizaciones OTA."}, {"command": "force-network-logs", "description": "Fuerza al sistema a preparar los logs de red para su recuperación por un DPC."}, {"command": "force-security-logs", "description": "Fuerza al sistema a preparar los logs de seguridad para un DPC."}]}, {"name": "Tomar una captura de pantalla", "description": "Captura una imagen de la pantalla del dispositivo.", "command": "screencap filename", "example": "adb shell screencap /sdcard/screen.png"}, {"name": "Grabar un video", "description": "Graba la actividad de la pantalla del dispositivo en un archivo MPEG-4.", "command": "screenrecord [options] filename", "example": "adb shell screenrecord /sdcard/demo.mp4", "limitations": ["No se graba audio.", "No disponible para dispositivos Wear OS.", "Algunos dispositivos pueden no grabar en resolución nativa.", "No se soporta la rotación de pantalla durante la grabación."], "options": [{"option": "--help", "description": "Muestra la sintaxis y opciones del comando."}, {"option": "--size widthxheight", "description": "Establece el tamaño del video (ej: 1280x720)."}, {"option": "--bit-rate rate", "description": "Establece la tasa de bits del video en Mbps (ej: 6000000)."}, {"option": "--time-limit time", "description": "Establece el tiempo máximo de grabación en segundos (por defecto y máximo 180)."}, {"option": "--rotate", "description": "Rota la salida 90 grados (experimental)."}, {"option": "--verbose", "description": "Muestra información de registro en la línea de comandos."}]}, {"name": "Leer perfiles ART para aplicaciones", "description": "Examina los perfiles de ejecución recolectados por ART para optimizar el rendimiento de la aplicación.", "commands": ["adb shell cmd package dump-profiles package", "adb pull /data/misc/profman/package.prof.txt"], "notes": "Requiere acceso root al sistema de archivos (ej: en un emulador)."}, {"name": "Restablecer dispositivos de prueba (`testharness`)", "description": "Permite realizar un restablecimiento de fábrica en dispositivos de prueba, eliminando datos de usuario y restableciendo el entorno de prueba. (Android 10+)", "command": "adb shell cmd testharness enable", "effects_on_reset": ["Copia de seguridad automática de la clave RSA para depuración.", "Deshabilita asistentes de configuración inicial.", "Deshabilita pantalla de bloqueo, alertas de emergencia, sincronización automática, actualizaciones automáticas.", "Deshabilita aplicaciones de seguridad preinstaladas."], "detection_api": "`ActivityManager.isRunningInUserTestHarness()`"}, {"name": "sqlite", "description": "Inicia el programa de línea de comandos `sqlite` para examinar bases de datos SQLite.", "command": "sqlite3 /path/to/database.db", "example": "adb -s emulator-5554 shell; sqlite3 /data/data/com.example.app/databases/rssitems.db", "notes": "Requiere acceso root al sistema de archivos (ej: en un emulador)."}, {"name": "Backends USB de ADB", "description": "El servidor adb puede interactuar con la pila USB a través de dos backends: nativo del OS o `libusb`.", "libusb_features": "attach, detach, detección de velocidad USB.", "environment_variable": "`ADB_LIBUSB` (set `1` o `0`). Si no está configurado, adb usa su backend predeterminado.", "default_behavior": "A partir de ADB v34, `libusb` es por defecto en todos los OS excepto Windows (donde es nativo)."}, {"name": "Backends mDNS de ADB", "description": "ADB puede usar el protocolo mDNS para conectar automáticamente el servidor y los dispositivos.", "backends": ["Bonjour (requiere daemon `mdnsd` en host, por defecto).", "Openscreen (no requiere daemon)."], "environment_variable": "`ADB_MDNS_OPENSCREEN` (set `1` o `0`).", "compatibility": "Openscreen en macOS desde ADB v35, Windows y Linux desde ADB v34."}, {"name": "Modo Burst de ADB (desde ADB 36.0.0)", "description": "Característica experimental que permite a ADB enviar paquetes a un dispositivo antes de que responda al paquete anterior, aumentando el rendimiento.", "status": "Deshabilitado por defecto.", "enablement": ["Establecer la variable de entorno `ADB_DELAYED_ACK` a `1`.", "En Android Studio: File > Settings > Build, Execution, Deployment > Debugger > ADB Server Burst Mode a 'Enabled'."]}]}