{"extracted_information": "La información abarca la definición de 'rooting' en Android, sus beneficios, riesgos, implicaciones legales y de seguridad, así como los métodos para lograrlo. Se detallan las capacidades de acceso al sistema que otorga el 'root' y cómo gestionar los permisos.", "specifications": {"terminologia_rooting": {"Bootloader": "Software de nivel más bajo en el teléfono que inicia las recuperaciones y luego el sistema operativo principal.", "Recovery": "Software de bajo nivel que puede crear y restaurar copias de seguridad completas del sistema. Se accede antes del sistema operativo principal.", "ADB (Android Debug Bridge)": "Una herramienta de línea de comandos que forma parte del Android SDK, que permite la comunicación entre una computadora y un dispositivo Android."}}, "pricing": {}, "features": [{"categoria": "Capacidades de acceso al sistema (Rooting)", "descripcion": "Obtener acceso a comandos, archivos del sistema y ubicaciones de carpetas que normalmente están bloqueadas. Esto permite 'promoverse' de usuario del sistema a administrador (superuser de Linux) con mayor control sobre el funcionamiento interno del dispositivo."}, {"categoria": "Beneficios de Rooting", "lista": ["Instalar y ejecutar aplicaciones que requieren privilegios especiales.", "Omitir software instalado por el operador (carrier-installed software).", "Eliminar aplicaciones preinstaladas (bloatware).", "Instalar cosas 'triviales' como ciertas fuentes personalizadas.", "Desbloquear nuevas funciones en ciertas aplicaciones y lanzadores.", "Crear ROMs personalizadas (para usuarios con conocimientos de codificación).", "Overclockear o underclockear la CPU para mejorar el rendimiento o la duración de la batería.", "Mejorar enormemente la potencia de Tasker.", "Realizar copias de seguridad completas, hasta el nivel del sistema.", "Instalar ROMs personalizadas.", "Personalizar aún más la apariencia del teléfono.", "Instalar aplicaciones que hacen más que las básicas.", "Instalar sistemas operativos como Ubuntu para escritorio."]}, {"categoria": "Riesgos y desventajas de Rooting", "lista": ["Riesgo de 'brickear' el dispositivo (dejarlo inutilizable).", "Puede anular la garantía del dispositivo.", "Problemas con las actualizaciones OTA (Over-The-Air) oficiales (a menudo requiere reinstalar el 'root' o puede bloquear actualizaciones).", "Problemas de seguridad (abre el dispositivo a malware más peligroso).", "Algunas aplicaciones y funciones dejan de funcionar (ej. aplicaciones bancarias, Snapchat, Pokemon Go).", "Aumenta el trabajo para el usuario (gestión de seguridad, parches, etc.).", "Los fabricantes pueden identificar dispositivos rooteados incluso después de 'unrootearlos' (ej. Knox de Samsung)."]}, {"categoria": "Legalidad del Rooting", "descripcion": "Depende de las leyes del país. En EE. UU., 'rootear' es perfectamente legal desde 2013, siempre que no se use para fines ilegales (ej. eludir derechos de autor)."}, {"categoria": "Seguridad en dispositivos rooteados", "descripcion": "El mayor control conlleva un mayor riesgo. Los dispositivos rooteados son más vulnerables a malware. Se utilizan 'aplicaciones de gobernador' como SuperSU o Magisk para monitorear y controlar qué procesos obtienen permisos de 'root', permitiendo al usuario aprobar o denegar el acceso. El usuario es responsable de asegurar los parches de seguridad si no recibe actualizaciones automáticas."}, {"categoria": "Métodos de Rooting", "tipos": [{"nombre": "Aplicaciones de 'un toque' (One-tap root apps)", "ejemplos": ["KingRoot", "KingoRoot", "OneClickRoot"], "facilidad": "Muy fácil", "actualizaciones_ota": "No", "apps_bancarias": "No", "riesgo": "Bajo durante el 'rooting'", "compatibilidad": "Muchos dispositivos soportados, pero no todos. Algunas tienen herramientas para verificar compatibilidad.", "soporte": "Populares, con desarrolladores y muy fáciles de usar."}, {"nombre": "Magisk", "descripcion": "Modifica la imagen de arranque en lugar de los archivos del sistema. Permite seguir recibiendo actualizaciones OTA y que las aplicaciones bancarias funcionen sin detectar el 'root'.", "facilidad": "Aún fácil, pero no tanto como las apps de un toque", "actualizaciones_ota": "Sí", "apps_bancarias": "Sí", "riesgo": "Muy bajo durante el 'rooting'", "compatibilidad": "Debería soportar todos los dispositivos con Android 6.0 o más reciente.", "soporte": "Tiene un equipo, instrucciones paso a paso y variedad de guías."}, {"nombre": "Rooting manual", "descripcion": "Implica usar software de PC, conectar el teléfono vía USB, usar una recuperación personalizada o software adicional (ej. Odin para Samsung).", "facilidad": "Muy difícil", "actualizaciones_ota": "No", "apps_bancarias": "No", "riesgo": "Alto. Muchas cosas pueden salir mal.", "compatibilidad": "Diferente para cada dispositivo, y el método puede variar según la versión del software.", "soporte": "Generalmente de fuentes comunitarias (foros), la información puede estar desactualizada."}], "consejos_generales": "Buscar instrucciones específicas para el dispositivo (ej. 'how to root [NOMBRE DE TU DISPOSITIVO AQUI]') o visitar XDA Forums. Siempre hacer una copia de seguridad del teléfono antes de 'rootear'.", "estado_actual_rooting": "No es tan convincente como antes. Muchas funciones antes exclusivas del 'root' ahora están disponibles sin él. Generalmente, se recomienda 'rootear' solo dispositivos antiguos o secundarios para experimentar, manteniendo el dispositivo principal sin 'root' por seguridad y actualizaciones."}], "statistics": {}, "temporal_info": {"legalidad_usa": "Desde 2013", "tendencia_rooting": "La necesidad de 'rootear' ha disminuido con el tiempo debido a mejoras en Android (velocidad de los teléfonos, duración de la batería, personalización de launchers, capacidad de deshabilitar bloatware)."}, "geographical_data": {"legalidad_por_pais": "Depende de las leyes de cada país. Legal en EE. UU. desde 2013."}, "references": ["https://www.androidauthority.com/external-links/", "https://www.androidauthority.com/best-android-launcher-apps-222408/", "https://www.androidauthority.com/how-to-delete-apps-android-789537/#5", "https://www.androidauthority.com/how-to-change-the-fonts-on-your-android-phone-32078/", "https://www.androidauthority.com/build-custom-android-rom-720453/", "https://www.androidauthority.com/how-to-use-adb-android-3260397/", "https://www.androidauthority.com/install-ubuntu-on-your-android-smartphone-765408/", "https://www.androidauthority.com/how-to-unroot-android-phone-tablet-652905/", "https://www.androidauthority.com/cheap-android-phones-269520/", "https://go.skimresources.com/?id=74660X1524607&url=https%3A%2F%2Fkingrootapp.net%2Froot-android-without-pc%2F%23google_vignette (KingRoot)", "https://go.skimresources.com/?id=74660X1524607&url=https%3A%2F%2Fwww.kingoapp.com%2F (KingoRoot)", "https://go.skimresources.com/?id=74660X1524607&url=https%3A%2F%2Foneclickroot.com%2Fselect-device%2F (OneClickRoot)", "https://go.skimresources.com/?id=74660X1524607&url=https%3A%2F%2Fmagiskmanager.com%2F (Magisk)", "https://go.skimresources.com/?id=74660X1524607&url=https%3A%2F%2Fmagiskmanager.com%2F%23How_to_Install_Magisk_Latest_Version_on_Android_Custom_Recovery_Option (Guía de instalación de Magisk)", "https://xdaforums.com/ (XDA Forums)", "https://www.androidauthority.com/backup-android-phone-708622/", "https://andauth.co/BUmCaF (Root Checker)", "https://www.androidauthority.com/android-authority-comment-policy/"]}