{"raw_content": "{\n  \"data\": {\n    \"extracted_information\": \"Información detallada sobre los permisos de Android Manifest, incluyendo su nombre, descripción, nivel de protección, valor constante y cualquier nota relevante, como la deprecación o restricciones de uso por parte de terceros. Se categorizan los permisos en peligrosos y de nivel de sistema.\",\n    \"specifications\": {\n      \"permissions\": [\n        {\n          \"name\": \"ACCEPT_HANDOVER\",\n          \"description\": \"Permite que una aplicación que realiza llamadas continúe una llamada que se inició en otra aplicación. Un ejemplo es una aplicación de videollamadas que quiere continuar una llamada de voz en la red móvil del usuario. Cuando se produce la transferencia de una llamada de una aplicación a otra, hay dos dispositivos involucrados en la transferencia; los dispositivos de inicio y de recepción. El dispositivo de inicio es donde se inició la solicitud de transferencia de la llamada, y el dispositivo de recepción es donde la otra parte confirma la solicitud de transferencia. Este permiso protege el acceso a `TelecomManager.acceptHandover(Uri, int, PhoneAccountHandle)` que utiliza el lado receptor de la transferencia para aceptar una transferencia.\",\n          \"protection_level\": \"dangerous\",\n          \"notes\": null,\n          \"constant_value\": \"android.permission.ACCEPT_HANDOVER\"\n        },\n        {\n          \"name\": \"ACCESS_BACKGROUND_LOCATION\",\n          \"description\": \"Permite que una aplicación acceda a la ubicación en segundo plano. Si solicita este permiso, también debe solicitar `ACCESS_COARSE_LOCATION` o `ACCESS_FINE_LOCATION`. Solicitar este permiso por sí solo no le otorga acceso a la ubicación.\",\n          \"protection_level\": \"dangerous\",\n          \"notes\": \"Este es un permiso con restricciones estrictas que no puede ser mantenido por una aplicación hasta que el instalador registrado permita el permiso. Para más detalles, consulte `PackageInstaller.SessionParams.setWhitelistedRestrictedPermissions(Set)`.\",\n          \"constant_value\": \"android.permission.ACCESS_BACKGROUND_LOCATION\"\n        },\n        {\n          \"name\": \"ACCESS_BLOBS_ACROSS_USERS\",\n          \"description\": \"Permite que una aplicación acceda a blobs de datos entre usuarios.\",\n          \"protection_level\": null,\n          \"notes\": null,\n          \"constant_value\": \"android.permission.ACCESS_BLOBS_ACROSS_USERS\"\n        },\n        {\n          \"name\": \"ACCESS_CHECKIN_PROPERTIES\",\n          \"description\": \"Permite acceso de lectura/escritura a la tabla \\\"properties\\\" en la base de datos de checkin, para cambiar valores que se cargan.\",\n          \"protection_level\": null,\n          \"notes\": \"No apto para uso por aplicaciones de terceros.\",\n          \"constant_value\": \"android.permission.ACCESS_CHECKIN_PROPERTIES\"\n        },\n        {\n          \"name\": \"ACCESS_COARSE_LOCATION\",\n          \"description\": \"Permite que una aplicación acceda a la ubicación aproximada. Alternativamente, podría desear `ACCESS_FINE_LOCATION`.\",\n          \"protection_level\": \"dangerous\",\n          \"notes\": null,\n          \"constant_value\": \"android.permission.ACCESS_COARSE_LOCATION\"\n        },\n        {\n          \"name\": \"ACCESS_FINE_LOCATION\",\n          \"description\": \"Permite que una aplicación acceda a la ubicación precisa. Alternativamente, podría desear `ACCESS_COARSE_LOCATION`.\",\n          \"protection_level\": \"dangerous\",\n          \"notes\": null,\n          \"constant_value\": \"android.permission.ACCESS_FINE_LOCATION\"\n        },\n        {\n          \"name\": \"ACCESS_HIDDEN_PROFILES\",\n          \"description\": \"Permite a las aplicaciones acceder a perfiles con la propiedad de usuario `android.content.pm.UserProperties#PROFILE_API_VISIBILITY_HIDDEN`, por ejemplo, `UserManager.USER_TYPE_PROFILE_PRIVATE`.\",\n          \"protection_level\": \"normal\",\n          \"notes\": null,\n          \"constant_value\": \"android.permission.ACCESS_HIDDEN_PROFILES\"\n        },\n        {\n          \"name\": \"ACCESS_LAUNCHER_DATA\",\n          \"description\": \"Este permiso protege un proveedor de contenido dentro de las aplicaciones de inicio/lanzador, permitiendo la gestión de metadatos de la pantalla de inicio como la ubicación de accesos directos, intenciones de lanzamiento y etiquetas.\",\n          \"protection_level\": null,\n          \"notes\": null,\n          \"constant_value\": \"android.permission.ACCESS_LAUNCHER_DATA\"\n        },\n        {\n          \"name\": \"ACCESS_LOCATION_EXTRA_COMMANDS\",\n          \"description\": \"Permite que una aplicación acceda a comandos adicionales del proveedor de ubicación.\",\n          \"protection_level\": \"normal\",\n          \"notes\": null,\n          \"constant_value\": \"android.permission.ACCESS_LOCATION_EXTRA_COMMANDS\"\n        },\n        {\n          \"name\": \"ACCESS_MEDIA_LOCATION\",\n          \"description\": \"Permite que una aplicación acceda a cualquier ubicación geográfica persistente en la colección compartida del usuario.\",\n          \"protection_level\": \"dangerous\",\n          \"notes\": null,\n          \"constant_value\": \"android.permission.ACCESS_MEDIA_LOCATION\"\n        },\n        {\n          \"name\": \"ACCESS_NETWORK_STATE\",\n          \"description\": \"Permite a las aplicaciones acceder a información sobre las redes.\",\n          \"protection_level\": \"normal\",\n          \"notes\": null,\n          \"constant_value\": \"android.permission.ACCESS_NETWORK_STATE\"\n        },\n        {\n          \"name\": \"ACCESS_NOTIFICATION_POLICY\",\n          \"description\": \"Permiso marcador para aplicaciones que desean acceder a la política de notificación. Este permiso no es compatible con perfiles administrados.\",\n          \"protection_level\": \"normal\",\n          \"notes\": null,\n          \"constant_value\": \"android.permission.ACCESS_NOTIFICATION_POLICY\"\n        },\n        {\n          \"name\": \"ACCESS_WIFI_STATE\",\n          \"description\": \"Permite a las aplicaciones acceder a información sobre las redes Wi-Fi.\",\n          \"protection_level\": \"normal\",\n          \"notes\": null,\n          \"constant_value\": \"android.permission.ACCESS_WIFI_STATE\"\n        },\n        {\n          \"name\": \"ACCOUNT_MANAGER\",\n          \"description\": \"Permite que las aplicaciones llamen a AccountAuthenticators.\",\n          \"protection_level\": null,\n          \"notes\": \"No apto para uso por aplicaciones de terceros.\",\n          \"constant_value\": \"android.permission.ACCOUNT_MANAGER\"\n        },\n        {\n          \"name\": \"ACTIVITY_RECOGNITION\",\n          \"description\": \"Permite que una aplicación reconozca la actividad física.\",\n          \"protection_level\": \"dangerous\",\n          \"notes\": null,\n          \"constant_value\": \"android.permission.ACTIVITY_RECOGNITION\"\n        },\n        {\n          \"name\": \"ADD_VOICEMAIL\",\n          \"description\": \"Permite que una aplicación añada correos de voz al sistema.\",\n          \"protection_level\": \"dangerous\",\n          \"notes\": null,\n          \"constant_value\": \"com.android.voicemail.permission.ADD_VOICEMAIL\"\n        },\n        {\n          \"name\": \"ANSWER_PHONE_CALLS\",\n          \"description\": \"Permite que la aplicación responda una llamada telefónica entrante.\",\n          \"protection_level\": \"dangerous\",\n          \"notes\": null,\n          \"constant_value\": \"android.permission.ANSWER_PHONE_CALLS\"\n        },\n        {\n          \"name\": \"APPLY_PICTURE_PROFILE\",\n          \"description\": \"Permite que una aplicación aplique un `ERROR(/MediaQualityManager.PictureProfile)` a una capa a través de `ERROR(/MediaCodec.PARAMETER_KEY_PICTURE_PROFILE)` y, adicionalmente, aplicaciones del sistema a través de `ERROR(/SurfaceControl.Transaction#setPictureProfileHandle)`.\",\n          \"protection_level\": null,\n          \"notes\": null,\n          \"constant_value\": \"android.permission.APPLY_PICTURE_PROFILE\"\n        },\n        {\n          \"name\": \"BATTERY_STATS\",\n          \"description\": \"Permite que una aplicación recopile estadísticas de la batería.\",\n          \"protection_level\": \"signature|privileged|development\",\n          \"notes\": null,\n          \"constant_value\": \"android.permission.BATTERY_STATS\"\n        },\n        {\n          \"name\": \"BIND_ACCESSIBILITY_SERVICE\",\n          \"description\": \"Debe ser requerido por un `AccessibilityService`, para asegurar que solo el sistema pueda vincularse a él.\",\n          \"protection_level\": \"signature\",\n          \"notes\": null,\n          \"constant_value\": \"android.permission.BIND_ACCESSIBILITY_SERVICE\"\n        },\n        {\n          \"name\": \"BIND_APPWIDGET\",\n          \"description\": \"Permite que una aplicación le diga al servicio AppWidget qué aplicación puede acceder a los datos de AppWidget. El flujo normal de usuario es que un usuario elige un AppWidget para que vaya a un host particular, lo que le da a esa aplicación host acceso a los datos privados de la aplicación AppWidget. Una aplicación que tiene este permiso debe cumplir ese contrato.\",\n          \"protection_level\": null,\n          \"notes\": \"No apto para uso por aplicaciones de terceros.\",\n          \"constant_value\": \"android.permission.BIND_APPWIDGET\"\n        },\n        {\n          \"name\": \"BIND_APP_FUNCTION_SERVICE\",\n          \"description\": \"Debe ser requerido por un `AppFunctionService`, para asegurar que solo el sistema pueda vincularse a él.\",\n          \"protection_level\": \"signature\",\n          \"notes\": null,\n          \"constant_value\": \"android.permission.BIND_APP_FUNCTION_SERVICE\"\n        },\n        {\n          \"name\": \"BIND_AUTOFILL_SERVICE\",\n          \"description\": \"Debe ser requerido por un `AutofillService`, para asegurar que solo el sistema pueda vincularse a él.\",\n          \"protection_level\": \"signature\",\n          \"notes\": null,\n          \"constant_value\": \"android.permission.BIND_AUTOFILL_SERVICE\"\n        },\n        {\n          \"name\": \"BIND_CALL_REDIRECTION_SERVICE\",\n          \"description\": \"Debe ser requerido por un `CallRedirectionService`, para asegurar que solo el sistema pueda vincularse a él.\",\n          \"protection_level\": \"signature|privileged\",\n          \"notes\": null,\n          \"constant_value\": \"android.permission.BIND_CALL_REDIRECTION_SERVICE\"\n        },\n        {\n          \"name\": \"BIND_CARRIER_MESSAGING_CLIENT_SERVICE\",\n          \"description\": \"Una subclase de `CarrierMessagingClientService` debe estar protegida con este permiso.\",\n          \"protection_level\": \"signature\",\n          \"notes\": null,\n          \"constant_value\": \"android.permission.BIND_CARRIER_MESSAGING_CLIENT_SERVICE\"\n        },\n        {\n          \"name\": \"BIND_CARRIER_MESSAGING_SERVICE\",\n          \"description\": \"Use `BIND_CARRIER_SERVICES` en su lugar.\",\n          \"protection_level\": null,\n          \"notes\": \"Esta constante fue deprecada en el nivel de API 23.\",\n          \"constant_value\": \"android.permission.BIND_CARRIER_MESSAGING_SERVICE\"\n        },\n        {\n          \"name\": \"BIND_CARRIER_SERVICES\",\n          \"description\": \"El proceso del sistema al que se le permite vincularse a servicios en aplicaciones de operador tendrá este permiso. Las aplicaciones de operador deben usar este permiso para proteger sus servicios a los que solo el sistema puede vincularse.\",\n          \"protection_level\": \"signature|privileged\",\n          \"notes\": null,\n          \"constant_value\": \"android.permission.BIND_CARRIER_SERVICES\"\n        },\n        {\n          \"name\": \"BIND_CHOOSER_TARGET_SERVICE\",\n          \"description\": \"Para publicar objetivos de compartición directa, siga las instrucciones en https://developer.android.com/training/sharing/receive.html#providing-direct-share-targets en su lugar. Debe ser requerido por un `ChooserTargetService`, para asegurar que solo el sistema pueda vincularse a él.\",\n          \"protection_level\": \"signature\",\n          \"notes\": \"Esta constante fue deprecada en el nivel de API 30.\",\n          \"constant_value\": \"android.permission.BIND_CHOOSER_TARGET_SERVICE\"\n        },\n        {\n          \"name\": \"BIND_COMPANION_DEVICE_SERVICE\",\n          \"description\": \"Debe ser requerido por cualquier `CompanionDeviceService` para asegurar que solo el sistema pueda vincularse a él.\",\n          \"protection_level\": null,\n          \"notes\": null,\n          \"constant_value\": \"android.permission.BIND_COMPANION_DEVICE_SERVICE\"\n        },\n        {\n          \"name\": \"BIND_CONDITION_PROVIDER_SERVICE\",\n          \"description\": \"Debe ser requerido por un `ConditionProviderService`, para asegurar que solo el sistema pueda vincularse a él.\",\n          \"protection_level\": \"signature\",\n          \"notes\": null,\n          \"constant_value\": \"android.permission.BIND_CONDITION_PROVIDER_SERVICE\"\n        },\n        {\n          \"name\": \"BIND_CONTROLS\",\n          \"description\": \"Permite a SystemUI solicitar controles de terceros. Solo debe ser solicitado por el Sistema y requerido por las declaraciones de `ControlsProviderService`.\",\n          \"protection_level\": null,\n          \"notes\": null,\n          \"constant_value\": \"android.permission.BIND_CONTROLS\"\n        },\n        {\n          \"name\": \"BIND_CREDENTIAL_PROVIDER_SERVICE\",\n          \"description\": \"Debe ser requerido por un CredentialProviderService para asegurar que solo el sistema pueda vincularse a él.\",\n          \"protection_level\": \"signature\",\n          \"notes\": null,\n          \"constant_value\": \"android.permission.BIND_CREDENTIAL_PROVIDER_SERVICE\"\n        },\n        {\n          \"name\": \"BIND_DEVICE_ADMIN\",\n          \"description\": \"Debe ser requerido por el receptor de administración de dispositivos, para asegurar que solo el sistema pueda interactuar con él.\",\n          \"protection_level\": \"signature\",\n          \"notes\": null,\n          \"constant_value\": \"android.permission.BIND_DEVICE_ADMIN\"\n        },\n        {\n          \"name\": \"BIND_DREAM_SERVICE\",\n          \"description\": \"Debe ser requerido por un `DreamService`, para asegurar que solo el sistema pueda vincularse a él.\",\n          \"protection_level\": \"signature\",\n          \"notes\": null,\n          \"constant_value\": \"android.permission.BIND_DREAM_SERVICE\"\n        },\n        {\n          \"name\": \"BIND_INCALL_SERVICE\",\n          \"description\": \"Debe ser requerido por un `InCallService`, para asegurar que solo el sistema pueda vincularse a él.\",\n          \"protection_level\": \"signature|privileged\",\n          \"notes\": null,\n          \"constant_value\": \"android.permission.BIND_INCALL_SERVICE\"\n        },\n        {\n          \"name\": \"BIND_INPUT_METHOD\",\n          \"description\": \"Debe ser requerido por un `InputMethodService`, para asegurar que solo el sistema pueda vincularse a él.\",\n          \"protection_level\": \"signature\",\n          \"notes\": null,\n          \"constant_value\": \"android.permission.BIND_INPUT_METHOD\"\n        },\n        {\n          \"name\": \"BIND_MIDI_DEVICE_SERVICE\",\n          \"description\": \"Debe ser requerido por un `MidiDeviceService`, para asegurar que solo el sistema pueda vincularse a él.\",\n          \"protection_level\": \"signature\",\n          \"notes\": null,\n          \"constant_value\": \"android.permission.BIND_MIDI_DEVICE_SERVICE\"\n        },\n        {\n          \"name\": \"BIND_NFC_SERVICE\",\n          \"description\": \"Debe ser requerido por un `HostApduService` o `OffHostApduService` para asegurar que solo el sistema pueda vincularse a él.\",\n          \"protection_level\": \"signature\",\n          \"notes\": null,\n          \"constant_value\": \"android.permission.BIND_NFC_SERVICE\"\n        },\n        {\n          \"name\": \"BIND_NOTIFICATION_LISTENER_SERVICE\",\n          \"description\": \"Debe ser requerido por un `NotificationListenerService`, para asegurar que solo el sistema pueda vincularse a él.\",\n          \"protection_level\": \"signature\",\n          \"notes\": null,\n          \"constant_value\": \"android.permission.BIND_NOTIFICATION_LISTENER_SERVICE\"\n        },\n        {\n          \"name\": \"BIND_PRINT_SERVICE\",\n          \"description\": \"Debe ser requerido por un `PrintService`, para asegurar que solo el sistema pueda vincularse a él.\",\n          \"protection_level\": \"signature\",\n          \"notes\": null,\n          \"constant_value\": \"android.permission.BIND_PRINT_SERVICE\"\n        },\n        {\n          \"name\": \"BIND_QUICK_ACCESS_WALLET_SERVICE\",\n          \"description\": \"Debe ser requerido por un `QuickAccessWalletService` para asegurar que solo el sistema pueda vincularse a él.\",\n          \"protection_level\": \"signature\",\n          \"notes\": null,\n          \"constant_value\": \"android.permission.BIND_QUICK_ACCESS_WALLET_SERVICE\"\n        },\n        {\n          \"name\": \"BIND_QUICK_SETTINGS_TILE\",\n          \"description\": \"Permite que una aplicación se vincule a mosaicos de configuración rápida de terceros. Solo debe ser solicitado por el Sistema, debe ser requerido por las declaraciones de TileService.\",\n          \"protection_level\": null,\n          \"notes\": null,\n          \"constant_value\": \"android.permission.BIND_QUICK_SETTINGS_TILE\"\n        },\n        {\n          \"name\": \"BIND_REMOTEVIEWS\",\n          \"description\": \"Debe ser requerido por un `RemoteViewsService`, para asegurar que solo el sistema pueda vincularse a él.\",\n          \"protection_level\": \"signature|privileged\",\n          \"notes\": null,\n          \"constant_value\": \"android.permission.BIND_REMOTEVIEWS\"\n        },\n        {\n          \"name\": \"BIND_SCREENING_SERVICE\",\n          \"description\": \"Debe ser requerido por un `CallScreeningService`, para asegurar que solo el sistema pueda vincularse a él.\",\n          \"protection_level\": \"signature|privileged\",\n          \"notes\": null,\n          \"constant_value\": \"android.permission.BIND_SCREENING_SERVICE\"\n        },\n        {\n          \"name\": \"BIND_TELECOM_CONNECTION_SERVICE\",\n          \"description\": \"Debe ser requerido por un `ConnectionService`, para asegurar que solo el sistema pueda vincularse a él.\",\n          \"protection_level\": \"signature|privileged\",\n          \"notes\": null,\n          \"constant_value\": \"android.permission.BIND_TELECOM_CONNECTION_SERVICE\"\n        },\n        {\n          \"name\": \"BIND_TEXT_SERVICE\",\n          \"description\": \"Debe ser requerido por un TextService (por ejemplo, SpellCheckerService) para asegurar que solo el sistema pueda vincularse a él.\",\n          \"protection_level\": \"signature\",\n          \"notes\": null,\n          \"constant_value\": \"android.permission.BIND_TEXT_SERVICE\"\n        },\n        {\n          \"name\": \"BIND_TV_AD_SERVICE\",\n          \"description\": \"Debe ser requerido por un android.media.tv.ad.TvAdService para asegurar que solo el sistema pueda vincularse a él.\",\n          \"protection_level\": \"signature|privileged\",\n          \"notes\": null,\n          \"constant_value\": \"android.permission.BIND_TV_AD_SERVICE\"\n        },\n        {\n          \"name\": \"BIND_TV_INPUT\",\n          \"description\": \"Debe ser requerido por un `TvInputService` para asegurar que solo el sistema pueda vincularse a él.\",\n          \"protection_level\": \"signature|privileged\",\n          \"notes\": null,\n          \"constant_value\": \"android.permission.BIND_TV_INPUT\"\n        },\n        {\n          \"name\": \"BIND_TV_INTERACTIVE_APP\",\n          \"description\": \"Debe ser requerido por un `TvInteractiveAppService` para asegurar que solo el sistema pueda vincularse a él.\",\n          \"protection_level\": \"signature|privileged\",\n          \"notes\": null,\n          \"constant_value\": \"android.permission.BIND_TV_INTERACTIVE_APP\"\n        },\n        {\n          \"name\": \"BIND_VISUAL_VOICEMAIL_SERVICE\",\n          \"description\": \"Debe ser requerido por un link `VisualVoicemailService` para asegurar que solo el sistema pueda vincularse a él.\",\n          \"protection_level\": \"signature|privileged\",\n          \"notes\": null,\n          \"constant_value\": \"android.permission.BIND_VISUAL_VOICEMAIL_SERVICE\"\n        },\n        {\n          \"name\": \"BIND_VOICE_INTERACTION\",\n          \"description\": \"Debe ser requerido por un `VoiceInteractionService`, para asegurar que solo el sistema pueda vincularse a él.\",\n          \"protection_level\": \"signature\",\n          \"notes\": null,\n          \"constant_value\": \"android.permission.BIND_VOICE_INTERACTION\"\n        },\n        {\n          \"name\": \"BIND_VPN_SERVICE\",\n          \"description\": \"Debe ser requerido por un `VpnService`, para asegurar que solo el sistema pueda vincularse a él.\",\n          \"protection_level\": \"signature\",\n          \"notes\": null,\n          \"constant_value\": \"android.permission.BIND_VPN_SERVICE\"\n        },\n        {\n          \"name\": \"BIND_VR_LISTENER_SERVICE\",\n          \"description\": \"Debe ser requerido por un `VrListenerService`, para asegurar que solo el sistema pueda vincularse a él.\",\n          \"protection_level\": \"signature\",\n          \"notes\": null,\n          \"constant_value\": \"android.permission.BIND_VR_LISTENER_SERVICE\"\n        },\n        {\n          \"name\": \"BIND_WALLPAPER\",\n          \"description\": \"Debe ser requerido por un `WallpaperService`, para asegurar que solo el sistema pueda vincularse a él.\",\n          \"protection_level\": \"signature|privileged\",\n          \"notes\": null,\n          \"constant_value\": \"android.permission.BIND_WALLPAPER\"\n        },\n        {\n          \"name\": \"BLUETOOTH\",\n          \"description\": \"Permite que las aplicaciones se conecten a dispositivos Bluetooth emparejados.\",\n          \"protection_level\": \"normal\",\n          \"notes\": null,\n          \"constant_value\": \"android.permission.BLUETOOTH\"\n        },\n        {\n          \"name\": \"BLUETOOTH_ADMIN\",\n          \"description\": \"Permite que las aplicaciones descubran y emparejen dispositivos Bluetooth.\",\n          \"protection_level\": \"normal\",\n          \"notes\": null,\n          \"constant_value\": \"android.permission.BLUETOOTH_ADMIN\"\n        },\n        {\n          \"name\": \"BLUETOOTH_ADVERTISE\",\n          \"description\": \"Requerido para poder anunciar a dispositivos Bluetooth cercanos.\",\n          \"protection_level\": \"dangerous\",\n          \"notes\": null,\n          \"constant_value\": \"android.permission.BLUETOOTH_ADVERTISE\"\n        },\n        {\n          \"name\": \"BLUETOOTH_CONNECT\",\n          \"description\": \"Requerido para poder conectarse a dispositivos Bluetooth emparejados.\",\n          \"protection_level\": \"dangerous\",\n          \"notes\": null,\n          \"constant_value\": \"android.permission.BLUETOOTH_CONNECT\"\n        },\n        {\n          \"name\": \"BLUETOOTH_PRIVILEGED\",\n          \"description\": \"Permite que las aplicaciones emparejen dispositivos Bluetooth sin interacción del usuario, y que permitan o prohíban el acceso a la agenda o a los mensajes.\",\n          \"protection_level\": null,\n          \"notes\": \"No apto para uso por aplicaciones de terceros.\",\n          \"constant_value\": \"android.permission.BLUETOOTH_PRIVILEGED\"\n        },\n        {\n          \"name\": \"BLUETOOTH_SCAN\",\n          \"description\": \"Requerido para poder descubrir y emparejar dispositivos Bluetooth cercanos.\",\n          \"protection_level\": \"dangerous\",\n          \"notes\": null,\n          \"constant_value\": \"android.permission.BLUETOOTH_SCAN\"\n        },\n        {\n          \"name\": \"BODY_SENSORS\",\n          \"description\": \"Permite que una aplicación acceda a datos de sensores que el usuario utiliza para medir lo que ocurre dentro de su cuerpo, como la frecuencia cardíaca.\",\n          \"protection_level\": \"dangerous\",\n          \"notes\": null,\n          \"constant_value\": \"android.permission.BODY_SENSORS\"\n        },\n        {\n          \"name\": \"BODY_SENSORS_BACKGROUND\",\n          \"description\": \"Permite que una aplicación acceda a datos de sensores que el usuario utiliza para medir lo que ocurre dentro de su cuerpo, como la frecuencia cardíaca. Si solicita este permiso, también debe solicitar `BODY_SENSORS`. Solicitar este permiso por sí solo no le otorga acceso a los sensores corporales.\",\n          \"protection_level\": \"dangerous\",\n          \"notes\": \"Este es un permiso con restricciones estrictas que no puede ser mantenido por una aplicación hasta que el instalador registrado permita el permiso. Para más detalles, consulte `PackageInstaller.SessionParams.setWhitelistedRestrictedPermissions(Set)`.\",\n          \"constant_value\": \"android.permission.BODY_SENSORS_BACKGROUND\"\n        },\n        {\n          \"name\": \"BROADCAST_PACKAGE_REMOVED\",\n          \"description\": \"Permite que una aplicación emita una notificación de que un paquete de aplicación ha sido eliminado.\",\n          \"protection_level\": null,\n          \"notes\": \"No apto para uso por aplicaciones de terceros.\",\n          \"constant_value\": \"android.permission.BROADCAST_PACKAGE_REMOVED\"\n        },\n        {\n          \"name\": \"BROADCAST_SMS\",\n          \"description\": \"Permite que una aplicación emita una notificación de recepción de SMS.\",\n          \"protection_level\": null,\n          \"notes\": \"No apto para uso por aplicaciones de terceros.\",\n          \"constant_value\": \"android.permission.BROADCAST_SMS\"\n        },\n        {\n          \"name\": \"BROADCAST_STICKY\",\n          \"description\": \"Permite que una aplicación emita intenciones pegajosas. Estas son emisiones cuyos datos son retenidos por el sistema después de finalizar, para que los clientes puedan recuperar rápidamente esos datos sin tener que esperar la siguiente emisión.\",\n          \"protection_level\": \"normal\",\n          \"notes\": null,\n          \"constant_value\": \"android.permission.BROADCAST_STICKY\"\n        },\n        {\n          \"name\": \"BROADCAST_WAP_PUSH\",\n          \"description\": \"Permite que una aplicación emita una notificación de recepción de WAP PUSH.\",\n          \"protection_level\": null,\n          \"notes\": \"No apto para uso por aplicaciones de terceros.\",\n          \"constant_value\": \"android.permission.BROADCAST_WAP_PUSH\"\n        },\n        {\n          \"name\": \"CALL_COMPANION_APP\",\n          \"description\": \"Permite que una aplicación que implementa la API `InCallService` sea elegible para ser habilitada como una aplicación complementaria de llamadas. Esto significa que el framework de Telecom se vinculará a la implementación de InCallService de la aplicación cuando haya llamadas activas. La aplicación puede usar la API de InCallService para ver información sobre las llamadas en el sistema y controlarlas.\",\n          \"protection_level\": \"normal\",\n          \"notes\": null,\n          \"constant_value\": \"android.permission.CALL_COMPANION_APP\"\n        },\n        {\n          \"name\": \"CALL_PHONE\",\n          \"description\": \"Permite que una aplicación inicie una llamada telefónica sin pasar por la interfaz de usuario del Marcador para que el usuario confirme la llamada. **Nota:** Una aplicación que posea este permiso también puede llamar a códigos MMI del operador para cambiar configuraciones como el desvío de llamadas o las preferencias de llamada en espera.\",\n          \"protection_level\": \"dangerous\",\n          \"notes\": null,\n          \"constant_value\": \"android.permission.CALL_PHONE\"\n        },\n        {\n          \"name\": \"CALL_PRIVILEGED\",\n          \"description\": \"Permite que una aplicación llame a cualquier número de teléfono, incluidos los números de emergencia, sin pasar por la interfaz de usuario del Marcador para que el usuario confirme la llamada.\",\n          \"protection_level\": null,\n          \"notes\": \"No apto para uso por aplicaciones de terceros.\",\n          \"constant_value\": \"android.permission.CALL_PRIVILEGED\"\n        },\n        {\n          \"name\": \"CAMERA\",\n          \"description\": \"Requerido para poder acceder al dispositivo de la cámara. Esto aplicará automáticamente el elemento `uses-feature` del manifiesto para *todas* las funciones de la cámara. Si no necesita todas las funciones de la cámara o puede operar correctamente si una cámara no está disponible, entonces debe modificar su manifiesto según corresponda para instalarse en dispositivos que no admiten todas las funciones de la cámara.\",\n          \"protection_level\": \"dangerous\",\n          \"notes\": null,\n          \"constant_value\": \"android.permission.CAMERA\"\n        },\n        {\n          \"name\": \"CAPTURE_AUDIO_OUTPUT\",\n          \"description\": \"Permite que una aplicación capture la salida de audio. Use el permiso `CAPTURE_MEDIA_OUTPUT` si solo se pretende capturar los usos `USAGE_UNKNOWN`, `USAGE_MEDIA` o `USAGE_GAME`.\",\n          \"protection_level\": null,\n          \"notes\": \"No apto para uso por aplicaciones de terceros.\",\n          \"constant_value\": \"android.permission.CAPTURE_AUDIO_OUTPUT\"\n        },\n        {\n          \"name\": \"CAPTURE_KEYBOARD\",\n          \"description\": \"Permite que una aplicación capture las teclas antes de que el sistema Android tenga la oportunidad de procesar las teclas y atajos del sistema.\",\n          \"protection_level\": \"normal\",\n          \"notes\": null,\n          \"constant_value\": \"android.permission.CAPTURE_KEYBOARD\"\n        },\n        {\n          \"name\": \"CHANGE_COMPONENT_ENABLED_STATE\",\n          \"description\": \"Permite que una aplicación cambie si un componente de aplicación (que no sea el suyo) está habilitado o no.\",\n          \"protection_level\": null,\n          \"notes\": \"No apto para uso por aplicaciones de terceros.\",\n          \"constant_value\": \"android.permission.CHANGE_COMPONENT_ENABLED_STATE\"\n        },\n        {\n          \"name\": \"CHANGE_CONFIGURATION\",\n          \"description\": \"Permite que una aplicación modifique la configuración actual, como la configuración regional.\",\n          \"protection_level\": \"signature|privileged|development\",\n          \"notes\": null,\n          \"constant_value\": \"android.permission.CHANGE_CONFIGURATION\"\n        },\n        {\n          \"name\": \"CHANGE_NETWORK_STATE\",\n          \"description\": \"Permite a las aplicaciones cambiar el estado de conectividad de red.\",\n          \"protection_level\": \"normal\",\n          \"notes\": null,\n          \"constant_value\": \"android.permission.CHANGE_NETWORK_STATE\"\n        },\n        {\n          \"name\": \"CHANGE_WIFI_MULTICAST_STATE\",\n          \"description\": \"Permite que las aplicaciones entren en modo Wi-Fi Multicast.\",\n          \"protection_level\": \"normal\",\n          \"notes\": null,\n          \"constant_value\": \"android.permission.CHANGE_WIFI_MULTICAST_STATE\"\n        },\n        {\n          \"name\": \"CHANGE_WIFI_STATE\",\n          \"description\": \"Permite que las aplicaciones cambien el estado de conectividad Wi-Fi.\",\n          \"protection_level\": \"normal\",\n          \"notes\": null,\n          \"constant_value\": \"android.permission.CHANGE_WIFI_STATE\"\n        },\n        {\n          \"name\": \"CLEAR_APP_CACHE\",\n          \"description\": \"Permite que una aplicación borre las cachés de todas las aplicaciones instaladas en el dispositivo.\",\n          \"protection_level\": \"signature|privileged\",\n          \"notes\": null,\n          \"constant_value\": \"android.permission.CLEAR_APP_CACHE\"\n        },\n        {\n          \"name\": \"CONFIGURE_WIFI_DISPLAY\",\n          \"description\": \"Permite que una aplicación configure y se conecte a pantallas Wifi.\",\n          \"protection_level\": null,\n          \"notes\": null,\n          \"constant_value\": \"android.permission.CONFIGURE_WIFI_DISPLAY\"\n        },\n        {\n          \"name\": \"CONTROL_LOCATION_UPDATES\",\n          \"description\": \"Permite habilitar/deshabilitar las notificaciones de actualización de ubicación de la radio.\",\n          \"protection_level\": null,\n          \"notes\": \"No apto para uso por aplicaciones de terceros.\",\n          \"constant_value\": \"android.permission.CONTROL_LOCATION_UPDATES\"\n        },\n        {\n          \"name\": \"CREDENTIAL_MANAGER_QUERY_CANDIDATE_CREDENTIALS\",\n          \"description\": \"Permite que un navegador invoque el conjunto de APIs de consulta para obtener metadatos sobre credenciales candidatas preparadas durante la API CredentialManager.prepareGetCredential.\",\n          \"protection_level\": \"normal\",\n          \"notes\": null,\n          \"constant_value\": \"android.permission.CREDENTIAL_MANAGER_QUERY_CANDIDATE_CREDENTIALS\"\n        },\n        {\n          \"name\": \"CREDENTIAL_MANAGER_SET_ALLOWED_PROVIDERS\",\n          \"description\": \"Permite especificar proveedores de credenciales candidatos para ser consultados en los flujos de obtención de Credential Manager, o para ser preferidos como predeterminados en los flujos de creación de Credential Manager.\",\n          \"protection_level\": \"normal\",\n          \"notes\": null,\n          \"constant_value\": \"android.permission.CREDENTIAL_MANAGER_SET_ALLOWED_PROVIDERS\"\n        },\n        {\n          \"name\": \"CREDENTIAL_MANAGER_SET_ORIGIN\",\n          \"description\": \"Permite que un navegador invoque las APIs del administrador de credenciales en nombre de otro RP.\",\n          \"protection_level\": \"normal\",\n          \"notes\": null,\n          \"constant_value\": \"android.permission.CREDENTIAL_MANAGER_SET_ORIGIN\"\n        },\n        {\n          \"name\": \"DELETE_CACHE_FILES\",\n          \"description\": \"Antiguo permiso para eliminar archivos de caché de una aplicación, ya no se usa, pero nos indica que ignoremos las llamadas en silencio en lugar de lanzar una excepción.\",\n          \"protection_level\": \"signature|privileged\",\n          \"notes\": null,\n          \"constant_value\": \"android.permission.DELETE_CACHE_FILES\"\n        },\n        {\n          \"name\": \"DELETE_PACKAGES\",\n          \"description\": \"Permite que una aplicación elimine paquetes. A partir de `Build.VERSION_CODES.N`, se solicita la confirmación del usuario cuando la aplicación que elimina el paquete no es la misma que lo instaló.\",\n          \"protection_level\": null,\n          \"notes\": \"No apto para uso por aplicaciones de terceros.\",\n          \"constant_value\": \"android.permission.DELETE_PACKAGES\"\n        },\n        {\n          \"name\": \"DELIVER_COMPANION_MESSAGES\",\n          \"description\": \"Permite que una aplicación entregue mensajes complementarios al sistema.\",\n          \"protection_level\": null,\n          \"notes\": null,\n          \"constant_value\": \"android.permission.DELIVER_COMPANION_MESSAGES\"\n        },\n        {\n          \"name\": \"DETECT_SCREEN_CAPTURE\",\n          \"description\": \"Permite que una aplicación reciba notificaciones cuando se intenta una captura de pantalla de sus ventanas.\",\n          \"protection_level\": \"normal\",\n          \"notes\": null,\n          \"constant_value\": \"android.permission.DETECT_SCREEN_CAPTURE\"\n        },\n        {\n          \"name\": \"DETECT_SCREEN_RECORDING\",\n          \"description\": \"Permite que una aplicación reciba notificaciones cuando se está grabando.\",\n          \"protection_level\": \"normal\",\n          \"notes\": null,\n          \"constant_value\": \"android.permission.DETECT_SCREEN_RECORDING\"\n        },\n        {\n          \"name\": \"DIAGNOSTIC\",\n          \"description\": \"Permite que las aplicaciones lean/escriban recursos de diagnóstico.\",\n          \"protection_level\": null,\n          \"notes\": \"No apto para uso por aplicaciones de terceros.\",\n          \"constant_value\": \"android.permission.DIAGNOSTIC\"\n        },\n        {\n          \"name\": \"DISABLE_KEYGUARD\",\n          \"description\": \"Permite que las aplicaciones deshabiliten el bloqueo de pantalla si no es seguro.\",\n          \"protection_level\": \"normal\",\n          \"notes\": null,\n          \"constant_value\": \"android.permission.DISABLE_KEYGUARD\"\n        },\n        {\n          \"name\": \"DUMP\",\n          \"description\": \"Permite que una aplicación recupere información de volcado de estado de los servicios del sistema.\",\n          \"protection_level\": null,\n          \"notes\": \"No apto para uso por aplicaciones de terceros.\",\n          \"constant_value\": \"android.permission.DUMP\"\n        },\n        {\n          \"name\": \"ENFORCE_UPDATE_OWNERSHIP\",\n          \"description\": \"Permite que una aplicación indique a través de `PackageInstaller.SessionParams.setRequestUpdateOwnership(boolean)` que tiene la intención de convertirse en el propietario de la actualización.\",\n          \"protection_level\": \"normal\",\n          \"notes\": null,\n          \"constant_value\": \"android.permission.ENFORCE_UPDATE_OWNERSHIP\"\n        },\n        {\n          \"name\": \"EXECUTE_APP_ACTION\",\n          \"description\": \"Permite que una aplicación de asistencia realice acciones en nombre de los usuarios dentro de las aplicaciones. Por ahora, este permiso solo se otorga a la aplicación Asistente seleccionada por el usuario.\",\n          \"protection_level\": \"internal|role\",\n          \"notes\": null,\n          \"constant_value\": \"android.permission.EXECUTE_APP_ACTION\"\n        },\n        {\n          \"name\": \"EXECUTE_APP_FUNCTIONS\",\n          \"description\": \"Permite que una aplicación realice acciones en nombre de los usuarios dentro de las aplicaciones. Para ejecutar una función en otra aplicación, una aplicación debe tener primero el permiso android.permission.EXECUTE_APP_FUNCTIONS. Además, la aplicación debe estar en una lista blanca del dispositivo y su capacidad para ejecutar funciones está sujeta a la aprobación o desaprobación del usuario.\",\n          \"protection_level\": \"normal\",\n          \"notes\": null,\n          \"constant_value\": \"android.permission.EXECUTE_APP_FUNCTIONS\"\n        },\n        {\n          \"name\": \"EXPAND_STATUS_BAR\",\n          \"description\": \"Permite que una aplicación expanda o colapse la barra de estado.\",\n          \"protection_level\": \"normal\",\n          \"notes\": null,\n          \"constant_value\": \"android.permission.EXPAND_STATUS_BAR\"\n        },\n        {\n          \"name\": \"FACTORY_TEST\",\n          \"description\": \"Ejecutar como una aplicación de prueba del fabricante, ejecutándose como usuario root. Solo disponible cuando el dispositivo está en modo de prueba del fabricante.\",\n          \"protection_level\": null,\n          \"notes\": \"No apto para uso por aplicaciones de terceros.\",\n          \"constant_value\": \"android.permission.FACTORY_TEST\"\n        },\n        {\n          \"name\": \"FOREGROUND_SERVICE\",\n          \"description\": \"Permite que una aplicación normal utilice `Service.startForeground`.\",\n          \"protection_level\": \"normal\",\n          \"notes\": null,\n          \"constant_value\": \"android.permission.FOREGROUND_SERVICE\"\n        },\n        {\n          \"name\": \"FOREGROUND_SERVICE_CAMERA\",\n          \"description\": \"Permite que una aplicación normal utilice `Service.startForeground` con el tipo \\\"camera\\\".\",\n          \"protection_level\": \"normal|instant\",\n          \"notes\": null,\n          \"constant_value\": \"android.permission.FOREGROUND_SERVICE_CAMERA\"\n        },\n        {\n          \"name\": \"FOREGROUND_SERVICE_CONNECTED_DEVICE\",\n          \"description\": \"Permite que una aplicación normal utilice `Service.startForeground` con el tipo \\\"connectedDevice\\\".\",\n          \"protection_level\": \"normal|instant\",\n          \"notes\": null,\n          \"constant_value\": \"android.permission.FOREGROUND_SERVICE_CONNECTED_DEVICE\"\n        },\n        {\n          \"name\": \"FOREGROUND_SERVICE_DATA_SYNC\",\n          \"description\": \"Permite que una aplicación normal utilice `Service.startForeground` con el tipo \\\"dataSync\\\".\",\n          \"protection_level\": \"normal|instant\",\n          \"notes\": null,\n          \"constant_value\": \"android.permission.FOREGROUND_SERVICE_DATA_SYNC\"\n        },\n        {\n          \"name\": \"FOREGROUND_SERVICE_HEALTH\",\n          \"description\": \"Permite que una aplicación normal utilice `Service.startForeground` con el tipo \\\"health\\\".\",\n          \"protection_level\": \"normal|instant\",\n          \"notes\": null,\n          \"constant"}