{"raw_content": "{\n  \"data\": {\n    \"extracted_information\": \"Información exhaustiva sobre los tipos de sensores de Android, incluyendo una lista completa de sensores disponibles, sus capacidades, modos de informe, unidades, calibración y sensores físicos subyacentes. La información se organiza por categorías de sensores: básicos, compuestos (actividad, actitud, no calibrados, interacción), IMU de ejes limitados y automotrices.\",\n    \"specifications\": {\n      \"sensor_axes_definitions\": {\n        \"mobile_device_axes\": \"Las coordenadas X, Y, Z son relativas a la orientación natural de la pantalla del dispositivo. X es horizontal, apunta a la derecha. Y es vertical, apunta hacia arriba. Z apunta hacia afuera de la pantalla.\",\n        \"automotive_axes\": \"Las coordenadas X, Y, Z se definen con respecto al marco del cuerpo del vehículo, con el origen en el centro del eje trasero. X apunta a la derecha, Y apunta hacia adelante, Z apunta hacia arriba.\"\n      },\n      \"reporting_modes\": {\n        \"continuous\": \"Los eventos se generan continuamente a una frecuencia constante.\",\n        \"on_change\": \"Los eventos se generan solo cuando los valores medidos cambian.\",\n        \"one_shot\": \"El sensor se desactiva después de que se genera el primer evento, y se genera un solo evento.\",\n        \"special\": \"Modo de informe específico que no encaja en las categorías anteriores.\"\n      }\n    },\n    \"features\": [\n      {\n        \"name\": \"Acelerómetro\",\n        \"type_constant\": \"SENSOR_TYPE_ACCELEROMETER\",\n        \"category\": \"Sensor Básico\",\n        \"default_sensor_call\": \"getDefaultSensor(SENSOR_TYPE_ACCELEROMETER)\",\n        \"reporting_mode\": \"Continuous\",\n        \"wake_up_sensor\": false,\n        \"description\": \"Reporta la aceleración del dispositivo a lo largo de los tres ejes del sensor, incluyendo la aceleración física y la gravedad.\",\n        \"units\": \"m/s^2\",\n        \"output_data_fields\": \"x, y, z de sensors_event_t.acceleration\",\n        \"calibration\": \"Compensación de temperatura, Calibración de sesgo en línea, Calibración de escala en línea.\",\n        \"accuracy_information\": \"Reportada a través de sensors_event_t.acceleration.status (constantes SENSOR_STATUS_* de SensorManager).\"\n      },\n      {\n        \"name\": \"Temperatura ambiente\",\n        \"type_constant\": \"SENSOR_TYPE_AMBIENT_TEMPERATURE\",\n        \"category\": \"Sensor Básico\",\n        \"default_sensor_call\": \"getDefaultSensor(SENSOR_TYPE_AMBIENT_TEMPERATURE)\",\n        \"reporting_mode\": \"On-change\",\n        \"wake_up_sensor\": false,\n        \"description\": \"Proporciona la temperatura ambiente (habitación).\",\n        \"units\": \"grados Celsius\"\n      },\n      {\n        \"name\": \"Sensor de campo magnético\",\n        \"type_constant\": \"SENSOR_TYPE_MAGNETIC_FIELD (o SENSOR_TYPE_GEOMAGNETIC_FIELD)\",\n        \"category\": \"Sensor Básico\",\n        \"default_sensor_call\": \"getDefaultSensor(SENSOR_TYPE_MAGNETIC_FIELD)\",\n        \"reporting_mode\": \"Continuous\",\n        \"wake_up_sensor\": false,\n        \"description\": \"Reporta el campo magnético ambiental, medido a lo largo de los tres ejes del sensor.\",\n        \"units\": \"micro-Tesla (uT)\",\n        \"output_data_fields\": \"x, y, z de sensors_event_t.magnetic\",\n        \"calibration\": \"Compensación de temperatura, Calibración de hierro blando de fábrica (o en línea), Calibración de hierro duro en línea.\",\n        \"accuracy_information\": \"Reportada a través de sensors_event_t.magnetic.status (constantes SENSOR_STATUS_* de SensorManager).\"\n      },\n      {\n        \"name\": \"Giroscopio\",\n        \"type_constant\": \"SENSOR_TYPE_GYROSCOPE\",\n        \"category\": \"Sensor Básico\",\n        \"default_sensor_call\": \"getDefaultSensor(SENSOR_TYPE_GYROSCOPE)\",\n        \"reporting_mode\": \"Continuous\",\n        \"wake_up_sensor\": false,\n        \"description\": \"Reporta la tasa de rotación del dispositivo alrededor de los tres ejes del sensor (positivo en sentido antihorario).\",\n        \"units\": \"radianes por segundo (rad/s)\",\n        \"output_data_fields\": \"x, y, z de sensors_event_t.gyro\",\n        \"calibration\": \"Compensación de temperatura, Compensación de escala de fábrica (o en línea), Calibración de sesgo en línea (para eliminar la deriva).\",\n        \"accuracy_information\": \"Reportada a través de sensors_event_t.gyro.status (constantes SENSOR_STATUS_* de SensorManager).\",\n        \"notes\": \"No puede emularse; debe basarse en un chip de giroscopio real.\"\n      },\n      {\n        \"name\": \"Frecuencia cardíaca\",\n        \"type_constant\": \"SENSOR_TYPE_HEART_RATE\",\n        \"category\": \"Sensor Básico\",\n        \"default_sensor_call\": \"getDefaultSensor(SENSOR_TYPE_HEART_RATE)\",\n        \"reporting_mode\": \"On-change\",\n        \"wake_up_sensor\": false,\n        \"description\": \"Reporta la frecuencia cardíaca actual de la persona que toca el dispositivo.\",\n        \"units\": \"latidos por minuto (BPM)\",\n        \"output_data_fields\": \"sensors_event_t.heart_rate.bpm y sensors_event_t.heart_rate.status\",\n        \"accuracy_information\": \"sensors_event_t.heart_rate.status (primera activación puede ser SENSOR_STATUS_UNRELIABLE).\",\n        \"notes\": \"Los eventos se generan solo cuando heart_rate.bpm o heart_rate.status cambian. La frecuencia no es más rápida que el período de muestreo. Requiere permisos SENSOR_PERMISSION_READ_HEART_RATE (Android 16+) o SENSOR_PERMISSION_BODY_SENSORS (Android 15-).\"\n      },\n      {\n        \"name\": \"Luz\",\n        \"type_constant\": \"SENSOR_TYPE_LIGHT\",\n        \"category\": \"Sensor Básico\",\n        \"default_sensor_call\": \"getDefaultSensor(SENSOR_TYPE_LIGHT)\",\n        \"reporting_mode\": \"On-change\",\n        \"wake_up_sensor\": false,\n        \"description\": \"Reporta la iluminación actual.\",\n        \"units\": \"lux (unidades SI)\",\n        \"output_data_fields\": \"sensors_event_t.light\"\n      },\n      {\n        \"name\": \"Proximidad\",\n        \"type_constant\": \"SENSOR_TYPE_PROXIMITY\",\n        \"category\": \"Sensor Básico\",\n        \"default_sensor_call\": \"getDefaultSensor(SENSOR_TYPE_PROXIMITY)\",\n        \"reporting_mode\": \"On-change\",\n        \"wake_up_sensor\": true,\n        \"description\": \"Reporta la distancia del sensor a la superficie visible más cercana.\",\n        \"units\": \"centímetros\",\n        \"output_data_fields\": \"sensors_event_t.distance\",\n        \"notes\": \"Hasta Android 4.4, siempre eran sensores de activación. Después de Android 4.4, se recomienda implementar la versión de activación para encender/apagar la pantalla durante llamadas. Algunos sensores solo soportan 'cerca' o 'lejos', reportando maxRange para 'lejos' y un valor menor para 'cerca'.\"\n      },\n      {\n        \"name\": \"Presión\",\n        \"type_constant\": \"SENSOR_TYPE_PRESSURE\",\n        \"category\": \"Sensor Básico\",\n        \"default_sensor_call\": \"getDefaultSensor(SENSOR_TYPE_PRESSURE)\",\n        \"reporting_mode\": \"Continuous\",\n        \"wake_up_sensor\": false,\n        \"description\": \"Reporta la presión atmosférica (también conocido como barómetro).\",\n        \"units\": \"hectopascal (hPa)\",\n        \"calibration\": \"Compensación de temperatura, Calibración de sesgo de fábrica, Calibración de escala de fábrica.\",\n        \"notes\": \"A menudo utilizado para estimar cambios de elevación.\"\n      },\n      {\n        \"name\": \"Humedad relativa\",\n        \"type_constant\": \"SENSOR_TYPE_RELATIVE_HUMIDITY\",\n        \"category\": \"Sensor Básico\",\n        \"default_sensor_call\": \"getDefaultSensor(SENSOR_TYPE_RELATIVE_HUMIDITY)\",\n        \"reporting_mode\": \"On-change\",\n        \"wake_up_sensor\": false,\n        \"description\": \"Mide la humedad relativa del aire ambiente.\",\n        \"units\": \"porcentaje (%)\"\n      },\n      {\n        \"name\": \"Aceleración lineal\",\n        \"type_constant\": \"SENSOR_TYPE_LINEAR_ACCELERATION\",\n        \"category\": \"Sensor Compuesto de Actividad\",\n        \"default_sensor_call\": \"getDefaultSensor(SENSOR_TYPE_LINEAR_ACCELERATION)\",\n        \"reporting_mode\": \"Continuous\",\n        \"wake_up_sensor\": false,\n        \"description\": \"Reporta la aceleración lineal del dispositivo en el marco del sensor, sin incluir la gravedad.\",\n        \"units\": \"m/s^2\",\n        \"output_data_fields\": \"x, y, z de sensors_event_t.acceleration\",\n        \"underlying_physical_sensors\": \"Acelerómetro y (si está presente) giroscopio (o magnetómetro si no hay giroscopio).\",\n        \"notes\": \"Las lecturas en todos los ejes deben estar cerca de 0 cuando el dispositivo está inmóvil.\"\n      },\n      {\n        \"name\": \"Movimiento significativo\",\n        \"type_constant\": \"SENSOR_TYPE_SIGNIFICANT_MOTION\",\n        \"category\": \"Sensor Compuesto de Actividad\",\n        \"default_sensor_call\": \"getDefaultSensor(SENSOR_TYPE_SIGNIFICANT_MOTION)\",\n        \"reporting_mode\": \"One-shot\",\n        \"wake_up_sensor\": true,\n        \"description\": \"Se activa al detectar un 'movimiento significativo': un movimiento que podría llevar a un cambio en la ubicación del usuario (ej. caminar, andar en bicicleta, auto en movimiento). No se activa por vibraciones menores.\",\n        \"notes\": \"Sensor de bajo consumo. Diseñado para reducir el consumo de energía en la determinación de la ubicación. Solo implementar la versión de activación. Reporta '1' en sensors_event_t.data[0].\"\n      },\n      {\n        \"name\": \"Detector de pasos\",\n        \"type_constant\": \"SENSOR_TYPE_STEP_DETECTOR\",\n        \"category\": \"Sensor Compuesto de Actividad\",\n        \"default_sensor_call\": \"getDefaultSensor(SENSOR_TYPE_STEP_DETECTOR)\",\n        \"reporting_mode\": \"Special (un evento por cada paso dado)\",\n        \"wake_up_sensor\": false,\n        \"description\": \"Genera un evento cada vez que el usuario da un paso.\",\n        \"notes\": \"Sensor de bajo consumo. Si la detección de pasos no puede hacerse por hardware, este sensor no debe definirse. El timestamp corresponde al momento en que el pie toca el suelo. Baja latencia (< 2 segundos). Detecta caminar, correr y subir escaleras. Reporta '1' en sensors_event_t.data[0].\"\n      },\n      {\n        \"name\": \"Contador de pasos\",\n        \"type_constant\": \"SENSOR_TYPE_STEP_COUNTER\",\n        \"category\": \"Sensor Compuesto de Actividad\",\n        \"default_sensor_call\": \"getDefaultSensor(SENSOR_TYPE_STEP_COUNTER)\",\n        \"reporting_mode\": \"On-change\",\n        \"wake_up_sensor\": false,\n        \"description\": \"Reporta el número de pasos dados por el usuario desde el último reinicio mientras está activado.\",\n        \"units\": \"uint64_t\",\n        \"output_data_fields\": \"sensors_event_t.step_counter\",\n        \"underlying_physical_sensors\": \"Acelerómetro (+ posiblemente otros siempre que sean de bajo consumo).\",\n        \"notes\": \"Sensor de bajo consumo. Se reinicia a cero solo en un reinicio del sistema. Mayor latencia (hasta 10 segundos) pero alta precisión (dentro del 10% del conteo real en un día). Detecta caminar, correr y subir escaleras. El contador interno de hardware debe ser de al menos 16 bits y no debe desbordarse.\"\n      },\n      {\n        \"name\": \"Detector de inclinación\",\n        \"type_constant\": \"SENSOR_TYPE_TILT_DETECTOR\",\n        \"category\": \"Sensor Compuesto de Actividad\",\n        \"default_sensor_call\": \"getDefaultSensor(SENSOR_TYPE_TILT_DETECTOR)\",\n        \"reporting_mode\": \"Special\",\n        \"wake_up_sensor\": true,\n        \"description\": \"Genera un evento cada vez que se detecta un evento de inclinación (dirección promedio de la gravedad en una ventana de 2 segundos cambia al menos 35 grados).\",\n        \"underlying_physical_sensors\": \"Acelerómetro (+ posiblemente otros siempre que sean de bajo consumo).\",\n        \"notes\": \"Sensor de bajo consumo. Solo implementar la versión de activación. Las aceleraciones grandes sin cambio de orientación del teléfono no deben activar un evento. Reporta '1' en sensors_event_t.data[0].\"\n      },\n      {\n        \"name\": \"Vector de rotación\",\n        \"type_constant\": \"SENSOR_TYPE_ROTATION_VECTOR\",\n        \"category\": \"Sensor Compuesto de Actitud\",\n        \"default_sensor_call\": \"getDefaultSensor(SENSOR_TYPE_ROTATION_VECTOR)\",\n        \"reporting_mode\": \"Continuous\",\n        \"wake_up_sensor\": false,\n        \"description\": \"Reporta la orientación del dispositivo relativa al marco de coordenadas Este-Norte-Arriba. Obtenido por integración de lecturas de acelerómetro, giroscopio y magnetómetro.\",\n        \"output_data_fields\": \"Cuatro componentes (x, y, z, w) de un cuaternión unitario en sensors_event_t.data[0-3], y una precisión de rumbo estimada en sensors_event_t.data[4].\",\n        \"underlying_physical_sensors\": \"Acelerómetro, magnetómetro y giroscopio.\",\n        \"accuracy_information\": \"El error de rumbo debe ser inferior a la precisión estimada el 95% del tiempo.\",\n        \"notes\": \"Usa el giroscopio como entrada principal y el acelerómetro/magnetómetro para compensar la deriva del giroscopio. No puede implementarse solo con acelerómetro y magnetómetro.\"\n      },\n      {\n        \"name\": \"Vector de rotación de juego\",\n        \"type_constant\": \"SENSOR_TYPE_GAME_ROTATION_VECTOR\",\n        \"category\": \"Sensor Compuesto de Actitud\",\n        \"default_sensor_call\": \"getDefaultSensor(SENSOR_TYPE_GAME_ROTATION_VECTOR)\",\n        \"reporting_mode\": \"Continuous\",\n        \"wake_up_sensor\": false,\n        \"description\": \"Similar al vector de rotación, pero no utiliza el campo geomagnético. El eje Y no apunta al norte, sino a otra referencia que puede derivar.\",\n        \"output_data_fields\": \"Cuatro componentes (x, y, z, w) de un cuaternión unitario en sensors_event_t.data[0-3]. sensors_event_t.data[4] está reservado y debe ser 0.\",\n        \"underlying_physical_sensors\": \"Acelerómetro y giroscopio (NO DEBE USAR magnetómetro).\",\n        \"notes\": \"Debe basarse en giroscopio y acelerómetro.\"\n      },\n      {\n        \"name\": \"Gravedad\",\n        \"type_constant\": \"SENSOR_TYPE_GRAVITY\",\n        \"category\": \"Sensor Compuesto de Actitud\",\n        \"default_sensor_call\": \"getDefaultSensor(SENSOR_TYPE_GRAVITY)\",\n        \"reporting_mode\": \"Continuous\",\n        \"wake_up_sensor\": false,\n        \"description\": \"Reporta la dirección y magnitud de la gravedad en las coordenadas del dispositivo.\",\n        \"units\": \"m/s^2\",\n        \"output_data_fields\": \"x, y, z de sensors_event_t.acceleration\",\n        \"underlying_physical_sensors\": \"Acelerómetro y (si está presente) giroscopio (o magnetómetro si no hay giroscopio).\",\n        \"notes\": \"Cuando el dispositivo está en reposo, la salida debe ser idéntica a la del acelerómetro. En la Tierra, la magnitud es de alrededor de 9.8 m/s^2.\"\n      },\n      {\n        \"name\": \"Vector de rotación geomagnético\",\n        \"type_constant\": \"SENSOR_TYPE_GEOMAGNETIC_ROTATION_VECTOR\",\n        \"category\": \"Sensor Compuesto de Actitud\",\n        \"default_sensor_call\": \"getDefaultSensor(SENSOR_TYPE_GEOMAGNETIC_ROTATION_VECTOR)\",\n        \"reporting_mode\": \"Continuous\",\n        \"wake_up_sensor\": false,\n        \"description\": \"Similar al vector de rotación, pero utilizando un magnetómetro y sin giroscopio.\",\n        \"output_data_fields\": \"Cuatro componentes (x, y, z, w) de un cuaternión unitario en sensors_event_t.data[0-3], y una precisión de rumbo estimada en sensors_event_t.data[4].\",\n        \"underlying_physical_sensors\": \"Acelerómetro y magnetómetro (NO giroscopio).\",\n        \"accuracy_information\": \"El error de rumbo debe ser inferior a la precisión estimada el 95% del tiempo.\",\n        \"notes\": \"Sensor de bajo consumo. Debe implementarse en hardware.\"\n      },\n      {\n        \"name\": \"Orientación\",\n        \"type_constant\": \"SENSOR_TYPE_ORIENTATION\",\n        \"category\": \"Sensor Compuesto de Actitud\",\n        \"default_sensor_call\": \"getDefaultSensor(SENSOR_TYPE_ORIENTATION)\",\n        \"reporting_mode\": \"Continuous\",\n        \"wake_up_sensor\": false,\n        \"description\": \"Reporta la actitud del dispositivo.\",\n        \"status\": \"deprecated\",\n        \"notes\": \"Obsoleto en el SDK de Android, reemplazado por el sensor de vector de rotación. Los ángulos son: acimut (0-360, ángulo entre el norte magnético y el eje Y), pitch (-180-180, rotación alrededor del eje X), roll (-90-90, rotación alrededor del eje Y). La precisión se reporta en sensors_event_t.orientation.status.\"\n      },\n      {\n        \"name\": \"Acelerómetro no calibrado\",\n        \"type_constant\": \"SENSOR_TYPE_ACCELEROMETER_UNCALIBRATED\",\n        \"category\": \"Sensor No Calibrado\",\n        \"default_sensor_call\": \"getDefaultSensor(SENSOR_TYPE_ACCELEROMETER_UNCALIBRATED)\",\n        \"reporting_mode\": \"Continuous\",\n        \"wake_up_sensor\": false,\n        \"description\": \"Reporta la aceleración del dispositivo a lo largo de los tres ejes del sensor sin corrección de sesgo, junto con una estimación de sesgo.\",\n        \"units\": \"m/s^2\",\n        \"output_data_fields\": \"x_uncalib, y_uncalib, z_uncalib (aceleración sin compensación de sesgo); x_bias, y_bias, z_bias (sesgo estimado) en sensors_event_t.uncalibrated_accelerometer.\",\n        \"notes\": \"Las compensaciones de sesgo de fábrica y de temperatura se aplican a las mediciones. _uncalibrated = _calibrated + _bias.\"\n      },\n      {\n        \"name\": \"Giroscopio no calibrado\",\n        \"type_constant\": \"SENSOR_TYPE_GYROSCOPE_UNCALIBRATED\",\n        \"category\": \"Sensor No Calibrado\",\n        \"default_sensor_call\": \"getDefaultSensor(SENSOR_TYPE_GYROSCOPE_UNCALIBRATED)\",\n        \"reporting_mode\": \"Continuous\",\n        \"wake_up_sensor\": false,\n        \"description\": \"Reporta la tasa de rotación alrededor de los ejes del sensor sin aplicar compensación de sesgo, junto con una estimación de sesgo.\",\n        \"units\": \"radianes/segundo (rad/s)\",\n        \"output_data_fields\": \"x_uncalib, y_uncalib, z_uncalib (velocidad angular sin compensación de deriva); x_bias, y_bias, z_bias (deriva estimada) en sensors_event_t.uncalibrated_gyro.\",\n        \"notes\": \"Las calibraciones de fábrica y compensación de temperatura deben aplicarse. Requiere estimación de deriva. Si está presente, el sensor de giroscopio correspondiente también debe estar presente.\"\n      },\n      {\n        \"name\": \"Campo magnético no calibrado\",\n        \"type_constant\": \"SENSOR_TYPE_MAGNETIC_FIELD_UNCALIBRATED\",\n        \"category\": \"Sensor No Calibrado\",\n        \"default_sensor_call\": \"getDefaultSensor(SENSOR_TYPE_MAGNETIC_FIELD_UNCALIBRATED)\",\n        \"reporting_mode\": \"Continuous\",\n        \"wake_up_sensor\": false,\n        \"description\": \"Reporta el campo magnético ambiental junto con una estimación de calibración de hierro duro.\",\n        \"units\": \"micro-Tesla (uT)\",\n        \"output_data_fields\": \"x_uncalib, y_uncalib, z_uncalib (campo magnético sin compensación de hierro duro); x_bias, y_bias, z_bias (sesgo de hierro duro estimado) en sensors_event_t.uncalibrated_magnetic.\",\n        \"notes\": \"La calibración de hierro blando y la compensación de temperatura deben aplicarse. Requiere estimación de hierro duro. Si está presente, el sensor de campo magnético correspondiente también debe estar presente.\"\n      },\n      {\n        \"name\": \"Ángulo de bisagra\",\n        \"type_constant\": \"SENSOR_TYPE_HINGE_ANGLE\",\n        \"category\": \"Sensor No Calibrado\",\n        \"default_sensor_call\": \"getDefaultSensor(SENSOR_TYPE_HINGE_ANGLE)\",\n        \"reporting_mode\": \"On-change\",\n        \"wake_up_sensor\": true,\n        \"description\": \"Mide el ángulo, en grados, entre dos partes integrales del dispositivo.\",\n        \"units\": \"grados\"\n      },\n      {\n        \"name\": \"Gestos de activación\",\n        \"type_constant\": \"SENSOR_TYPE_WAKE_GESTURE\",\n        \"category\": \"Sensor Compuesto de Interacción\",\n        \"default_sensor_call\": \"getDefaultSensor(SENSOR_TYPE_WAKE_GESTURE)\",\n        \"reporting_mode\": \"One-shot\",\n        \"wake_up_sensor\": true,\n        \"description\": \"Permite activar el dispositivo basándose en un movimiento específico del dispositivo.\",\n        \"underlying_physical_sensors\": \"Indefinido (cualquier sensor de bajo consumo).\",\n        \"notes\": \"Sensor de bajo consumo (probable que esté activado 24/7). Activa la pantalla (comportamiento desactivable por el usuario). Solo implementar la versión de activación. Reporta '1' en sensors_event_t.data[0].\"\n      },\n      {\n        \"name\": \"Gestos de recogida\",\n        \"type_constant\": \"SENSOR_TYPE_PICK_UP_GESTURE\",\n        \"category\": \"Sensor Compuesto de Interacción\",\n        \"default_sensor_call\": \"getDefaultSensor(SENSOR_TYPE_PICK_UP_GESTURE)\",\n        \"reporting_mode\": \"One-shot\",\n        \"wake_up_sensor\": true,\n        \"description\": \"Se activa cuando se recoge el dispositivo, independientemente de su ubicación previa.\",\n        \"underlying_physical_sensors\": \"Indefinido (cualquier sensor de bajo consumo).\",\n        \"notes\": \"Sensor de bajo consumo. Solo implementar la versión de activación. Reporta '1' en sensors_event_t.data[0].\"\n      },\n      {\n        \"name\": \"Gestos de mirada\",\n        \"type_constant\": \"SENSOR_TYPE_GLANCE_GESTURE\",\n        \"category\": \"Sensor Compuesto de Interacción\",\n        \"default_sensor_call\": \"getDefaultSensor(SENSOR_TYPE_GLANCE_GESTURE)\",\n        \"reporting_mode\": \"One-shot\",\n        \"wake_up_sensor\": true,\n        \"description\": \"Permite encender brevemente la pantalla para que el usuario vea contenido basándose en un movimiento específico.\",\n        \"underlying_physical_sensors\": \"Indefinido (cualquier sensor de bajo consumo).\",\n        \"notes\": \"Sensor de bajo consumo (probable que esté activado 24/7). La pantalla se enciende momentáneamente (comportamiento desactivable por el usuario). Solo implementar la versión de activación. Reporta '1' en sensors_event_t.data[0].\"\n      },\n      {\n        \"name\": \"Acelerómetro de ejes limitados\",\n        \"type_constant\": \"SENSOR_TYPE_ACCELEROMETER_LIMITED_AXES\",\n        \"category\": \"Sensor IMU de Ejes Limitados\",\n        \"default_sensor_call\": \"getDefaultSensor(SENSOR_TYPE_ACCELEROMETER_LIMITED_AXES)\",\n        \"reporting_mode\": \"Continuous\",\n        \"wake_up_sensor\": false,\n        \"description\": \"Equivalente a SENSOR_TYPE_ACCELEROMETER pero soporta casos donde no están disponibles los tres ejes (x, y, z).\",\n        \"units\": \"m/s^2\",\n        \"output_data_fields\": \"Los últimos tres valores de evento del sensor indican si el eje está soportado (1.0) o no (0). Los valores de aceleración para los ejes no usados deben ser 0.\",\n        \"android_version_availability\": \"Android 13+\"\n      },\n      {\n        \"name\": \"Giroscopio de ejes limitados\",\n        \"type_constant\": \"SENSOR_TYPE_GYROSCOPE_LIMITED_AXES\",\n        \"category\": \"Sensor IMU de Ejes Limitados\",\n        \"default_sensor_call\": \"getDefaultSensor(SENSOR_TYPE_GYROSCOPE_LIMITED_AXES)\",\n        \"reporting_mode\": \"Continuous\",\n        \"wake_up_sensor\": false,\n        \"description\": \"Equivalente a SENSOR_TYPE_GYROSCOPE pero soporta casos donde no están disponibles los tres ejes (x, y, z).\",\n        \"units\": \"radianes por segundo (rad/s)\",\n        \"output_data_fields\": \"Los últimos tres valores de evento del sensor indican si el eje está soportado (1.0) o no (0). Los valores de velocidad angular para los ejes no usados deben ser 0.\",\n        \"android_version_availability\": \"Android 13+\"\n      },\n      {\n        \"name\": \"Acelerómetro de ejes limitados no calibrado\",\n        \"type_constant\": \"SENSOR_TYPE_ACCELEROMETER_LIMITED_AXES_UNCALIBRATED\",\n        \"category\": \"Sensor IMU de Ejes Limitados\",\n        \"default_sensor_call\": \"getDefaultSensor(SENSOR_TYPE_ACCELEROMETER_LIMITED_AXES_UNCALIBRATED)\",\n        \"reporting_mode\": \"Continuous\",\n        \"wake_up_sensor\": false,\n        \"description\": \"Equivalente a SENSOR_TYPE_ACCELEROMETER_UNCALIBRATED pero soporta casos donde no están disponibles los tres ejes (x, y, z).\",\n        \"units\": \"m/s^2\",\n        \"output_data_fields\": \"Los últimos tres valores de evento del sensor indican si el eje está soportado (1.0) o no (0) para los valores de aceleración y sesgo. Los valores para los ejes no usados deben ser 0.\",\n        \"android_version_availability\": \"Android 13+\"\n      },\n      {\n        \"name\": \"Giroscopio de ejes limitados no calibrado\",\n        \"type_constant\": \"SENSOR_TYPE_GYROSCOPE_LIMITED_AXES_UNCALIBRATED\",\n        \"category\": \"Sensor IMU de Ejes Limitados\",\n        \"default_sensor_call\": \"getDefaultSensor(SENSOR_TYPE_GYROSCOPE_LIMITED_AXES_UNCALIBRATED)\",\n        \"reporting_mode\": \"Continuous\",\n        \"wake_up_sensor\": false,\n        \"description\": \"Equivalente a SENSOR_TYPE_GYROSCOPE_UNCALIBRATED pero soporta casos donde no están disponibles los tres ejes (x, y, z).\",\n        \"units\": \"radianes por segundo (rad/s)\",\n        \"output_data_fields\": \"Los últimos tres valores de evento del sensor indican si el eje está soportado (1.0) o no (0) para los valores de velocidad angular y deriva. Los valores para los ejes no usados deben ser 0.\",\n        \"android_version_availability\": \"Android 13+\"\n      },\n      {\n        \"name\": \"IMU compuesta de ejes limitados\",\n        \"type_constant\": \"No especificado explícitamente, es un tipo compuesto\",\n        \"category\": \"Sensor IMU de Ejes Limitados\",\n        \"reporting_mode\": \"Continuous\",\n        \"description\": \"Convierte datos de sensores de"}