{"extracted_information": "El sistema de permisos de Android está diseñado para proteger la privacidad del usuario controlando el acceso a datos y acciones restringidas. Categoriza los permisos en tipos como los permisos en tiempo de instalación, en tiempo de ejecución (peligrosos) y especiales. El sistema promueve el control del usuario, la transparencia y la minimización de datos. El contenido detalla el flujo de trabajo para usar permisos, las características de cada tipo y las mejores prácticas para su implementación en aplicaciones.", "specifications": {"protection_levels": {"normal_permissions": "normal", "signature_permissions": "signature", "runtime_permissions": "dangerous", "special_permissions": "appop"}}, "pricing": {}, "features": [{"name": "Permisos en tiempo de instalación", "description": "Otorgan acceso limitado a datos restringidos o permiten acciones que afectan mínimamente el sistema. Se conceden automáticamente cuando el usuario instala la aplicación. Incluyen permisos 'Normales' y 'De Firma'.", "sub_types": [{"name": "Permisos normales", "description": "Permiten el acceso a datos y acciones que extienden el 'sandbox' de la aplicación pero presentan muy poco riesgo para la privacidad del usuario y la operación de otras aplicaciones."}, {"name": "Permisos de firma", "description": "Concedidos solo si la aplicación está firmada con el mismo certificado que la aplicación o el sistema operativo que define el permiso. Usados por aplicaciones que implementan servicios privilegiados (ej. autocompletar, VPN)."}]}, {"name": "Permisos en tiempo de ejecución (peligrosos)", "description": "Otorgan acceso adicional a datos restringidos o permiten acciones que afectan sustancialmente el sistema y otras aplicaciones. Requieren que la aplicación solicite el permiso en tiempo de ejecución, presentando una solicitud al usuario. Acceden a 'datos privados del usuario' como ubicación o contactos. El micrófono y la cámara son especialmente sensibles.", "user_interaction": "El sistema presenta un aviso de permiso en tiempo de ejecución al usuario."}, {"name": "Permisos especiales", "description": "Corresponden a operaciones específicas de la aplicación, definidos solo por la plataforma y los OEM para proteger el acceso a acciones poderosas (ej. dibujar sobre otras aplicaciones). Muchas de estas operaciones se implementan como permisos especiales que el usuario puede alternar en la página 'Acceso especial a aplicaciones' en la configuración del sistema."}, {"name": "Grupos de permisos", "description": "Colecciones de permisos lógicamente relacionados (ej. enviar y recibir SMS). Ayudan a minimizar el número de diálogos del sistema presentados al usuario al agrupar permisos relacionados en la misma interfaz. No se debe asumir que un permiso siempre pertenecerá a un grupo específico."}, {"name": "Principios de privacidad (Modelo de seguridad)", "description": "Construidos sobre las características de seguridad del sistema, los permisos de Android apoyan la privacidad del usuario mediante:", "principles": [{"name": "Control", "description": "El usuario tiene control sobre los datos que comparte con las aplicaciones."}, {"name": "Transparencia", "description": "El usuario comprende qué datos usa una aplicación y por qué accede a ellos."}, {"name": "Minimización de datos", "description": "Una aplicación accede y utiliza solo los datos necesarios para una tarea o acción específica invocada por el usuario."}]}, {"name": "Mejores prácticas para permisos", "practices": [{"name": "Solicitar un número mínimo de permisos", "description": "Solicitar solo los permisos necesarios para completar una acción específica. Considerar alternativas para cumplir el caso de uso sin acceso a información sensible."}, {"name": "Asociar permisos en tiempo de ejecución con acciones específicas", "description": "Solicitar permisos lo más tarde posible en el flujo de uso de la aplicación."}, {"name": "Considerar las dependencias de la aplicación", "description": "Ser consciente de los requisitos de permisos de cualquier librería incluida, ya que se heredan sus necesidades de permisos."}, {"name": "Ser transparente", "description": "Explicar claramente qué se está accediendo, por qué y qué funcionalidades se verán afectadas si se deniegan los permisos, para que los usuarios puedan tomar decisiones informadas."}, {"name": "Hacer explícitos los accesos al sistema", "description": "Proporcionar una indicación continua en la aplicación cuando se accede a datos o hardware sensibles (ej. cámara, micrófono), si el sistema no lo hace, para que los usuarios entiendan cuándo la aplicación accede a datos o realiza acciones restringidas."}]}], "statistics": {}, "temporal_info": {"last_updated": "2025-08-20 UTC"}, "geographical_data": {}, "references": [{"name": "Permissions API reference page", "url": "/reference/android/Manifest.permission"}, {"name": "Android permissions samples repository", "url": "https://github.com/android/platform-samples/tree/main/samples/privacy/permissions"}, {"name": "Minimize your app's requests for permissions", "url": "/training/permissions/evaluating"}, {"name": "Declare permissions", "url": "/training/permissions/declaring"}, {"name": "Request runtime permissions", "url": "/training/permissions/requesting"}, {"name": "Restrict how other apps can interact with your app's components", "url": "/training/permissions/restrict-interactions"}, {"name": "Permission groups", "url": "https://developer.android.com/guide/topics/manifest/permission-group-element.html"}, {"name": "Explain why your app accesses this information (microphone/camera)", "url": "/training/permissions/explaining-access"}, {"name": "Request special permissions", "url": "/training/permissions/requesting-special"}, {"name": "App permissions best practices", "url": "/training/permissions/usage-notes"}, {"name": "System security features", "url": "https://source.android.com/security/features"}]}