{"extracted_information": "El contenido web proporciona información técnica detallada sobre Vulkan en Android, incluyendo sus ventajas, componentes y una comparación con OpenGL ES (GLES) en el contexto de gráficos 3D en tiempo real.", "specifications": {"vulkan_overview": "Vulkan es una API de bajo sobrecarga y multiplataforma para gráficos 3D de alto rendimiento soportada por Android. Proporciona herramientas para crear gráficos de alta calidad y en tiempo real en aplicaciones. Reduce la sobrecarga de CPU y soporta el lenguaje intermedio binario SPIR-V.", "driver_integration": "Los fabricantes de System on Chip (SoC) como los vendedores independientes de hardware de GPU (IHVs) pueden escribir drivers Vulkan para Android. Los fabricantes de equipos originales (OEMs) deben integrar estos drivers para dispositivos específicos.", "developer_benefits": "Los desarrolladores de aplicaciones usan Vulkan para crear apps que ejecutan comandos en la GPU con una sobrecarga significativamente reducida. Ofrece un mapeo más directo a las capacidades del hardware gráfico actual.", "components": {"vulkan_validation_layers": {"provider": "Android (en el NDK)", "description": "Librerías usadas durante el desarrollo de apps Vulkan para encontrar errores en el uso de la API Vulkan. Deben ser eliminadas después de encontrar los errores."}, "vulkan_runtime": {"provider": "Android", "description": "Una librería nativa, `libvulkan.so`, que provee una API nativa de Vulkan. La mayor parte de su funcionalidad es implementada por un driver proporcionado por el vendedor de la GPU. Vulkan Runtime envuelve al driver, provee capacidades de intercepción de API (para depuración y otras herramientas de desarrollo) y gestiona la interacción entre el driver y las dependencias de la plataforma."}, "vulkan_driver": {"provider": "SoC", "description": "Mapea la API Vulkan a comandos de GPU específicos del hardware e interacciones con el driver gráfico del kernel."}}, "modified_components": {"bufferqueue": "Incluye valores enum y métodos adicionales en BufferQueue y la interfaz `ANativeWindow` para permitir que Vulkan Runtime se conecte a BufferQueue a través de `ANativeWindow`.", "gralloc": "Una interfaz opcional permite a Gralloc descubrir si un formato dado puede ser usado para una combinación particular de productor/consumidor sin asignar un búfer."}}, "pricing": {}, "features": ["Gráficos 3D de alto rendimiento.", "Gráficos en tiempo real de alta calidad para aplicaciones.", "Reducción de la sobrecarga de CPU.", "Soporte para el lenguaje intermedio binario SPIR-V.", "Mapeo más directo a las capacidades del hardware gráfico actual.", "Minimización de oportunidades para errores de driver.", "Reducción del tiempo de prueba para desarrolladores."], "statistics": {}, "temporal_info": {"last_updated": "2025-06-18 UTC"}, "geographical_data": {}, "references": ["https://www.khronos.org/vulkan/", "https://www.khronos.org/opengles/", "https://www.khronos.org/spir", "/docs/core/graphics/implement-vulkan", "https://www.khronos.org/egl", "http://khr.io/vulkanlaunchoverview", "/docs/core/graphics/arch-bq-gralloc", "/docs/core/graphics/arch-egl-opengl", "https://android.googlesource.com/platform/frameworks/native/+/android16-release/vulkan/", "https://developer.android.com/ndk/guides/graphics/index.html", "https://www.khronos.org/#slider_vulkan"], "comparisons": {"vulkan_vs_opengl_es": {"general": "Tanto Vulkan como OpenGL ES (GLES) proveen herramientas para crear gráficos de alta calidad y en tiempo real en aplicaciones.", "advantages_of_vulkan": ["Reducción de la sobrecarga de CPU.", "Mapeo más directo a las capacidades del hardware gráfico actual en comparación con EGL y GLES.", "Minimización de oportunidades para errores de driver.", "Reducción del tiempo de prueba para desarrolladores."]}}}