{"extracted_information": "La página proporciona una guía detallada para construir una aplicación de teléfono predeterminada en Android, integrándose con el framework de Telecom y gestionando el estado de las llamadas. Cubre requisitos, declaraciones de manifiesto, permisos, implementación de `ConnectionService` y `Connection`, manejo de escenarios comunes de llamadas (entrantes, salientes, finalizar) y restricciones de llamadas impuestas por el sistema. También se detalla cómo una aplicación puede convertirse en la aplicación de teléfono predeterminada del sistema y cómo acceder a los servicios de llamadas en dispositivos wearables.", "specifications": {"framework_packages": ["android.telecom"], "permissions": ["android.permission.MANAGE_OWN_CALLS", "android.permission.BIND_TELECOM_CONNECTION_SERVICE", "android.permission.BIND_INCALL_SERVICE", "android.permission.MANAGE_ONGOING_CALLS"], "classes": ["InCallService", "ConnectionService", "Connection", "PhoneAccountHandle", "ConnectionRequest", "CallAudioState", "DisconnectCause", "RoleManager", "TelecomManager", "NotificationManager", "NotificationChannel", "AudioAttributes", "PackageManager"], "methods": ["onCreateOutgoingConnection(PhoneAccountHandle, ConnectionRequest)", "onCreateOutgoingConnectionFailed(PhoneAccountHandle, ConnectionRequest)", "onCreateIncomingConnection(PhoneAccountHandle, ConnectionRequest)", "onCreateIncomingConnectionFailed(PhoneAccountHandle, ConnectionRequest)", "onShowIncomingCallUi()", "onCallAudioStateChanged(CallAudioState)", "onHold()", "onUnhold()", "onAnswer()", "onAnswer(int)", "onReject()", "onDisconnect()", "placeCall(Uri, Bundle)", "addNewIncomingCall(PhoneAccountHandle, Bundle)", "setConnectionProperties(int)", "setConnectionCapabilities(int)", "setCallerDisplayName(String, int)", "setVideoState(int)", "setAddress(Uri, int)", "setOnHold()", "setActive()", "setDisconnected(DisconnectCause)", "destroy()", "createRequestRoleIntent(String)", "setComponentEnabledSetting(ComponentName, int, int)", "onCallAdded(Call)", "setSound(Uri, AudioAttributes)", "setOngoing(boolean)", "setPriority(int)", "setContentIntent(PendingIntent)", "setFullScreenIntent(PendingIntent, boolean)", "setSmallIcon(int)", "setContentTitle(CharSequence)", "setContentText(CharSequence)", "notify(String, String, int, Notification)", "createNotificationChannel(NotificationChannel)"], "constants": ["PROPERTY_SELF_MANAGED", "CAPABILITY_HOLD", "CAPABILITY_SUPPORT_HOLD", "PRESENTATION_ALLOWED", "STATE_BIDIRECTIONAL", "REJECTED", "LOCAL", "REMOTE", "RoleManager.ROLE_DIALER", "TelecomManager.METADATA_IN_CALL_SERVICE_UI", "TelecomManager.METADATA_IN_CALL_SERVICE_RINGING", "Intent.ACTION_DIAL", "Intent.ACTION_CALL", "EXTRA_PHONE_ACCOUNT_HANDLE", "EXTRA_START_CALL_WITH_VIDEO_STATE", "NotificationManager.IMPORTANCE_MAX", "RingtoneManager.TYPE_RINGTONE", "AudioAttributes.USAGE_NOTIFICATION_RINGTONE", "AudioAttributes.CONTENT_TYPE_SONIFICATION", "Notification.PRIORITY_HIGH", "Intent.FLAG_ACTIVITY_NO_USER_ACTION", "Intent.FLAG_ACTIVITY_NEW_TASK", "PendingIntent.FLAG_MUTABLE_UNAUDITED"], "uri_schemes": ["tel:"], "android_api_levels": ["27 (o inferior)", "28 (o superior)"]}, "pricing": {}, "features": [{"name": "Aplicación de teléfono predeterminada", "description": "Una aplicación que reemplaza la aplicación de teléfono predeterminada en un dispositivo Android, utilizando el gestor de roles y el servicio en llamada para informar sobre el estado de la llamada."}, {"name": "Integración con el Framework de Telecom", "description": "El framework `android.telecom` permite a las aplicaciones de llamadas interoperar correctamente con el subsistema nativo de telecom, con otras aplicaciones de llamadas, gestionar el enrutamiento de audio y video, y determinar el foco de las llamadas."}, {"name": "Interfaz de usuario de llamadas", "description": "Las aplicaciones deben proporcionar su propia interfaz de usuario para llamadas entrantes y salientes, sin capacidades de llamada inherentes (solo UI)."}, {"name": "Manejo de llamadas (Incoming, Outgoing, End)", "description": "API para manejar el ciclo de vida completo de una llamada, incluyendo la recepción, realización y finalización de llamadas, con consideraciones para el estado del sistema y otras llamadas."}, {"name": "Gestión del estado de la llamada", "description": "Soporte para poner llamadas en espera (`onHold()`, `onUnhold()`), responder (`onAnswer()`) y rechazar (`onReject()`) llamadas, y desconectar llamadas (`onDisconnect()`)."}, {"name": "Notificaciones de llamadas entrantes", "description": "Muestra notificaciones de llamadas entrantes utilizando las APIs de `NotificationManager`, incluyendo la configuración del tono de llamada y la interfaz de usuario de pantalla completa."}, {"name": "Soporte para dispositivos Wearable", "description": "Acceso a las APIs de `InCallService` para aplicaciones complementarias de terceros en dispositivos wearable, requiriendo permisos específicos y emparejamiento."}], "statistics": {}, "temporal_info": {"last_updated_utc": "2024-02-09"}, "geographical_data": {}, "references": [{"title": "Permissions", "url": "/guide/topics/manifest/manifest-intro#perms"}, {"title": "App Components", "url": "/guide/topics/manifest/manifest-intro#components"}, {"title": "CAPABILITY_SUPPORT_HOLD", "url": "/reference/android/telecom/Connection#CAPABILITY_SUPPORT_HOLD"}, {"title": "CAPABILITY_HOLD", "url": "https://developer.android.com/reference/android/telecom/Connection.html#CAPABILITY_HOLD"}, {"title": "MANAGE_OWN_CALLS", "url": "/reference/android/Manifest.permission#MANAGE_OWN_CALLS"}, {"title": "CompanionDeviceManager", "url": "https://developer.android.com/guide/topics/connectivity/companion-device-pairing"}, {"title": "Content License", "url": "/license"}]}