{"extracted_information": "La implementación de CallScreeningService en Android permite a las aplicaciones identificar y gestionar llamadas entrantes/salientes, especialmente las de spam, a partir de Android 10 (API 29). Facilita el bloqueo, rechazo o silencio de llamadas sin requerir el permiso READ_CALL_LOG. No se describe la capacidad de respuesta automática de llamadas.", "specifications": {"android_version": "Android 10 (API nivel 29) o superior", "call_screening_service": {"class_name": "CallScreeningService", "key_methods": [{"name": "onScreenCall", "parameters": ["android.telecom.Call.Details callDetails"], "description": "Se invoca para cada nueva llamada entrante o saliente cuyo número no está en la lista de contactos del usuario."}, {"name": "respondToCall", "parameters": ["android.telecom.Call.Details callDetails", "android.telecom.CallScreeningService.CallResponse response"], "description": "Indica al sistema cómo responder a la nueva llamada."}], "call_details_object": {"class_name": "android.telecom.Call.Details", "properties": [{"name": "callDirection", "values": ["Call.Details.DIRECTION_INCOMING"], "description": "Indica la dirección de la llamada (ej., entrante)."}, {"name": "handle", "type": "Uri", "description": "El número de teléfono al que la llamada está conectada."}, {"name": "callerNumberVerificationStatus", "values": ["Connection.VERIFICATION_STATUS_FAILED", "Connection.VERIFICATION_STATUS_PASSED", "Connection.VERIFICATION_STATUS_NOT_VERIFIED"], "description": "Estado de verificación del número del llamante por parte del proveedor de red."}]}, "call_response_builder": {"class_name": "android.telecom.CallScreeningService.CallResponse.Builder", "methods": [{"name": "setDisallowCall", "parameters": ["boolean"], "description": "Establece si la llamada entrante debe ser bloqueada."}, {"name": "setRejectCall", "parameters": ["boolean"], "description": "Establece si la llamada entrante debe ser rechazada como si el usuario lo hubiera hecho manualmente."}, {"name": "setSilenceCall", "parameters": ["boolean"], "description": "Establece si el timbre debe ser silenciado para la llamada entrante."}, {"name": "setSkipCallLog", "parameters": ["boolean"], "description": "Establece si la llamada entrante no debe mostrarse en el registro de llamadas."}, {"name": "setSkipNotification", "parameters": ["boolean"], "description": "Establece si no se debe mostrar una notificación de llamada perdida para la llamada entrante."}]}}}, "features": [{"name": "Identificación de llamadas", "description": "Identifica llamadas de números no en la agenda del usuario como posibles llamadas de spam o de números inválidos, utilizando el estado de verificación del número del llamante de la red."}, {"name": "Capacidades de interceptación de llamadas", "details": ["Bloquear llamadas entrantes (setDisallowCall).", "Rechazar llamadas entrantes como si el usuario lo hiciera manualmente (setRejectCall).", "Silenciar el timbre para llamadas entrantes (setSilenceCall).", "Omitir el registro de la llamada en el historial de llamadas del dispositivo (setSkipCallLog).", "Omitir la notificación de llamada perdida (setSkipNotification)."]}, {"name": "Registro de llamadas bloqueadas", "description": "La información sobre las llamadas bloqueadas se registra en el historial de llamadas para mayor transparencia, a menos que se configure para omitirlo."}], "statistics": {}, "temporal_info": {"minimum_android_version": "Android 10 (API nivel 29)"}, "geographical_data": {}, "references": [], "permissions": {"not_required": [{"permission": "READ_CALL_LOG", "context": "No es necesario para proporcionar funcionalidad de filtrado de llamadas (call screening) e identificación de llamadas (caller ID) a partir de Android 10 (API 29)."}], "required_for_service_registration": "La implementación de CallScreeningService debe registrarse en el archivo de manifiesto con el filtro de intención y el permiso apropiados para que el sistema pueda activarlo correctamente."}, "automatic_call_answering": "El contenido proporcionado no describe capacidades para la respuesta automática de llamadas. La funcionalidad se centra en la detección, rechazo, bloqueo y silencio de llamadas."}