{"extracted_information": "El contenido describe la evolución de los frameworks anti-detección para evadir la detección de bots en web scraping, con un enfoque en técnicas utilizadas con herramientas como Puppeteer y Selenium. Detalla las señales de detección comunes, las técnicas de evasión iniciales (incluyendo el parcheo de APIs JavaScript y la supresión de indicadores de automatización), y la evolución hacia métodos a nivel de protocolo (como la evasión de artefactos del Chrome DevTools Protocol - CDP) o la automatización 'CDP-minimal/free'. También lista y describe frameworks anti-detección populares y menciona navegadores anti-detección comerciales.", "specifications": {"detecciones_comunes_de_automatizacion": ["Marcadores de navegador headless.", "Inconsistencias en APIs de JavaScript.", "Patrones de entrada sintéticos.", "Propiedades como `navigator.webdriver`.", "Características faltantes o falsificadas del navegador.", "Inconsistencias en superficies de fingerprinting (canvas, WebGL, memoria del dispositivo)."], "tecnicas_de_evasion_iniciales": ["Lanzar Chrome con `--disable-blink-features=AutomationControlled` para suprimir la flag `navigator.webdriver`.", "Sobreescribir o parchear propiedades JavaScript expuestas como `navigator`, `screen`, y `WebGLRenderingContext` para imitar un entorno de usuario legítimo.", "Eliminar o normalizar inconsistencias en las salidas de fingerprinting."], "ejemplo_puppeteer_extra_stealth": {"objetivo": "Evadir la detección de `navigator.languages`.", "metodo": "Utiliza `evaluateOnNewDocument` para modificar la propiedad antes de la ejecución del JavaScript del sitio.", "implementacion": "Usa un JavaScript Proxy para interceptar el getter de la propiedad, conservando la ilusión de una implementación nativa. Implica envolver el getter original en un proxy, reemplazar el getter en el prototipo y parchear el método `toString()` del proxy para devolver la firma de la función original."}, "impacto_unificacion_headless_chrome": "Desde noviembre de 2022, Headless Chrome utiliza el mismo código base que el Chrome estándar, lo que hace que las técnicas de detección basadas en fingerprinting tradicionales, que dependían de sutiles discrepancias de API, sean en gran parte ineficaces. Esto ha forzado una evolución en los frameworks anti-detección hacia señales de bajo nivel, principalmente las introducidas por el Chrome DevTools Protocol (CDP).", "cdp_como_vector_de_fingerprinting": {"mecanismo": "Las herramientas de automatización como Puppeteer, Playwright y Selenium (vía ChromeDriver) se comunican con el navegador enviando comandos JSON sobre WebSocket a través de CDP.", "artefactos_detectables": "La serialización de objetos en estas comunicaciones por WebSocket introduce efectos secundarios observables, utilizados en la 'detección de serialización CDP'.", "ejemplo_deteccion_cdp": "Activar la serialización de objetos (que solo ocurre si CDP está activo) y detectarla con hooks de JavaScript. Un método es loguear un objeto `Error` a la consola, ya que su serialización para el evento `Runtime.consoleAPICalled` activará un getter personalizado en la propiedad `stack` del objeto `Error`."}, "automatizacion_cdp_minimal_o_cdp_free": {"estrategia": "Evitar los métodos de detección que se basan en artefactos de CDP minimizando o eliminando su uso por completo.", "tecnicas": ["Evitar la habilitación de dominios CDP de alto riesgo como `Runtime` o `Console`.", "Reimplementar primitivas de automatización (navegación, interacción, intercepción de red) sin depender de CDP o la instrumentación de WebDriver.", "Emular el comportamiento real del usuario a través de entradas a nivel del sistema operativo nativo o mecanismos sigilosos de control del navegador."]}}, "pricing": {}, "features": {"proposito_frameworks_anti_deteccion": ["Oscurecer los signos de automatización.", "Imitar mejor el comportamiento de usuario real.", "Parchear o sobreescribir APIs del navegador.", "Manipular superficies de fingerprinting.", "Aleatorizar patrones de ejecución."], "usos_fraudulentos_de_frameworks": ["Credential stuffing.", "Creación de cuentas falsas.", "Abuso de promociones.", "Fraude de pago.", "Otros ataques automatizados."], "caracteristicas_navegadores_comerciales_anti_deteccion": ["Suplantación de huellas dactilares (fingerprint spoofing).", "Rotación de proxies y aislamiento de sesiones.", "Hooks de automatización a través de APIs o interfaces de scripting.", "Gestión de múltiples perfiles de navegador."], "top_anti_detect_frameworks_2025": [{"Name": "Puppeteer-extra-stealth", "Description": "Plugin JavaScript para Puppeteer que aplica múltiples técnicas de evasión para hacer la automatización headless menos detectable. Incluye integraciones con servicios de resolución de CAPTCHA.", "Link": "https://github.com/berstend/puppeteer-extra/tree/master/packages/puppeteer-extra-plugin-stealth"}, {"Name": "Nodriver", "Description": "Framework Python que elimina todo el uso de CDP, imitando sesiones de navegador regulares a través de entradas a nivel del SO para evitar la detección.", "Link": "https://github.com/ultrafunkamsterdam/nodriver"}, {"Name": "Selenium Driverless", "Description": "Variante Python de Selenium que elude los bindings tradicionales de WebDriver, evitando los indicadores de `navigator.webdriver`.", "Link": "https://github.com/kaliiiiiiiiii/Selenium-Driverless"}, {"Name": "Patchright", "Description": "Framework de automatización de navegador programable en Python enfocado en parchear fugas de fingerprinting e imitar entornos de usuario.", "Link": "https://github.com/Kaliiiiiiiiii-Vinyzu/patchright-python"}, {"Name": "Camoufox", "Description": "Framework de automatización anti-detección de JavaScript que elimina atributos de fingerprinting estáticos conocidos como `navigator.webdriver`.", "Link": "https://github.com/daijro/camoufox"}, {"Name": "SeleniumBase", "Description": "Framework de automatización basado en Python construido sobre Selenium, que ofrece características como bypass de CAPTCHA, modos stealth (UC/CDP) y utilidades extensivas de prueba.", "Link": "https://github.com/seleniumbase/SeleniumBase"}, {"Name": "Rebrowser Playwright", "Description": "Reemplazo 'drop-in' de JavaScript para Playwright, parcheado para pasar las pruebas modernas de detección de automatización. Diseñado para funcionar sin cambiar los códigos base existentes.", "Link": "https://github.com/rebrowser/rebrowser-playwright"}, {"Name": "Rebrowser Puppeteer", "Description": "Reemplazo 'drop-in' de JavaScript para Puppeteer, parcheado para pasar las pruebas modernas de detección de automatización. Mantiene la compatibilidad con los códigos base existentes de Puppeteer.", "Link": "https://github.com/rebrowser/rebrowser-puppeteer"}, {"Name": "Puppeteer Real Browser", "Description": "Paquete JavaScript diseñado para evitar los CAPTCHAs de detección de bots de Puppeteer, como los de Cloudflare. Actúa como un navegador real y puede ser gestionado con Puppeteer.", "Link": "https://github.com/ZFC-Digital/puppeteer-real-browser"}, {"Name": "BotBrowser", "Description": "Navegador stealth multiplataforma que modifica el código fuente C++ de Chromium para eliminar fugas de fingerprinting y rastros de automatización, permitiendo la navegación y automatización indetectables.", "Link": "https://github.com/MiddleSchoolStudent/BotBrowser"}]}, "statistics": {}, "temporal_info": {"fecha_publicacion_articulo": "11 de junio de 2025", "unificacion_codigo_headless_chrome": "Noviembre de 2022", "contexto_tecnicas_discutidas": "2025"}, "geographical_data": {}, "references": ["https://blog.castle.io/why-traditional-bot-detection-techniques-are-not-enough-and-what-you-can-do-about-it/", "https://blog.castle.io/how-to-detect-headless-chrome-bots-instrumented-with-puppeteer-2/", "https://github.com/berstend/puppeteer-extra/tree/master/packages/puppeteer-extra-plugin-stealth", "https://github.com/ultrafunkamsterdam/nodriver", "https://github.com/kaliiiiiiiiii/Selenium-Driverless", "https://github.com/Kaliiiiiiiiii-Vinyzu/patchright-python", "https://github.com/daijro/camoufox", "https://github.com/seleniumbase/SeleniumBase", "https://github.com/rebrowser/rebrowser-playwright", "https://github.com/rebrowser/rebrowser-puppeteer", "https://github.com/ZFC-Digital/puppeteer-real-browser", "https://github.com/MiddleSchoolStudent/BotBrowser", "https://blog.castle.io/overview-of-anti-detect-browsers-2/", "https://blog.castle.io/detecting-hidemium-fingerprinting-inconsistencies-in-anti-detect-browsers/", "https://blog.castle.io/how-to-detect-scripts-injected-via-cdp-in-chrome-2/", "https://blog.castle.io/anti-detect-browser-analysis-how-to-detect-the-undetectable-browser/"]}