{"extracted_information": "El contenido proporciona un análisis detallado de riesgos y recompensas entre la API oficial de WhatsApp Business y las herramientas no oficiales ('blaster' o 'sender'). Destaca que la API oficial, a través de Proveedores de Soluciones de Negocio (BSPs) verificados por Meta, es el camino de la conformidad, seguridad y estabilidad a largo plazo. Por el contrario, las herramientas no oficiales son atajos tentadores de bajo costo y configuración instantánea, pero que conllevan riesgos graves como prohibiciones permanentes de cuenta, inestabilidad, daño a la credibilidad de la marca y violaciones de seguridad de datos. El análisis concluye que la API oficial es la única opción sostenible y estratégica para cualquier negocio serio en 2025 y más allá.", "specifications": {"whatsapp_api": {"tipo": "Interfaz de programación en la nube (API)", "acceso": "A través de Proveedores de Soluciones de Negocio (BSPs) verificados por Meta", "diseño": "Para comunicación escalable, segura y automatizada", "integraciones": "CRM, plataformas de análisis, herramientas empresariales", "escalabilidad": "Diseñada para escalar, sistema por niveles que permite enviar mensajes desde 1.000 hasta usuarios ilimitados por día", "credibilidad": "Elegible para la insignia de verificación Green Tick", "soporte": "Soporte técnico y estratégico dedicado de BSPs", "rendimiento": "Construida para rendimiento y tiempo de actividad de grado empresarial"}, "unofficial_tools": {"tipo": "Software de terceros, scripts, extensiones de navegador no autorizadas por Meta", "operación": "Web scraping o automatización de navegador (Selenium), imitando acciones humanas en WhatsApp Web", "proceso": "Control programático de un navegador web para iniciar sesión, leer listas de números (texto/CSV) y automatizar el envío de mensajes", "escalabilidad": "Limitada e impredecible; bajo rendimiento y entrega poco fiable a cualquier escala significativa"}}, "pricing": {"whatsapp_api": {"modelo_costo": "Modelo de precios por conversación (en comparación con herramientas no oficiales)", "roi": "Retorno de inversión (ROI) positivo a largo plazo; construye un canal sostenible de alta interacción que genera ingresos y confianza"}, "unofficial_tools": {"modelo_costo": "Comercializados como 'gratuitos', 'tarifa única pequeña' o 'suscripción mensual muy baja'", "roi": "ROI negativo; los ahorros iniciales se borran por los costos de prohibiciones, pérdida de datos y daño a la marca"}}, "features": [{"tipo": "API Oficial de WhatsApp (vía BSP)", "lista": ["Totalmente aprobada y conforme a las políticas de Meta", "Riesgo muy bajo de baneo (con salvaguardias y monitoreo de calidad)", "Alta seguridad de datos (cifrado de extremo a extremo, cumplimiento de leyes de privacidad globales como GDPR)", "Alta estabilidad y fiabilidad (construida para empresas, soportada por Meta)", "Diseñada para escalar (mensajes a miles o millones de usuarios, desde 1.000 hasta ilimitados por día)", "Elegible para Green Tick (símbolo de autenticidad y confianza)", "Soporte dedicado (técnico y estratégico de BSPs)", "Funcionalidad rica (chatbots, integraciones CRM, análisis, botones interactivos)", "ROI positivo a largo plazo (canal sostenible, ingresos, confianza)"]}, {"tipo": "Herramientas no Oficiales 'Blaster'", "lista": ["Viola los Términos de Servicio de WhatsApp", "Riesgo extremadamente alto de baneo de cuenta (recuperación casi imposible)", "Alto riesgo de seguridad de datos (enrutamiento de datos a través de terceros no verificados, riesgo de fugas y brechas)", "Poco fiable (se rompe con las actualizaciones de WhatsApp, sin soporte oficial)", "Escalabilidad limitada e impredecible (bajo rendimiento y entrega poco fiable)", "No es compatible con Green Tick (percepción de poco profesional o spam)", "Sin soporte oficial (los usuarios quedan 'abandonados')", "Funcionalidad básica (solo texto simple y medios, sin funciones avanzadas)", "ROI negativo (los ahorros iniciales son eliminados por los costos de baneos, pérdida de datos y daño a la marca)"]}], "statistics": {"usuarios_whatsapp": "Más de dos mil millones", "mensajes_diarios": "Cien mil millones"}, "temporal_info": {"contexto_analisis": "Análisis para 2025 y más allá"}, "geographical_data": {"regulaciones_privacidad_mencionadas": ["GDPR (Reglamento General de Protección de Datos)", "CCPA (Ley de Privacidad del Consumidor de California)"]}, "references": ["BotSpace (mencionado como BSP)", "Wati (mencionado como BSP)", "Gallabox (mencionado como BSP)", "Twilio (mencionado como BSP)"]}