{"extracted_information": "La información detallada sobre las APIs no oficiales de WhatsApp cubre sus métodos técnicos, ventajas, desventajas y riesgos. Son plataformas de terceros que permiten el acceso a funciones de mensajería de WhatsApp sin la aprobación oficial de Meta, ofreciendo mayor flexibilidad y menos restricciones en comparación con la API oficial. La estabilidad y la privacidad se gestionan mediante logins basados en QR seguros, sesiones encriptadas y monitoreo en tiempo real por parte de proveedores líderes como WaSenderAPI.", "specifications": {"definicion": "Plataformas de terceros que proporcionan acceso a las funciones de mensajería de WhatsApp sin pasar por el proceso de aprobación oficial de Meta (Facebook).", "diferencias_con_api_oficial": {"api_oficial": "Reglas estrictas, acceso limitado, a menudo requiere un Meta Business Partner.", "api_no_oficial": "Flexibilidad total, permite enviar y recibir mensajes usando el propio número de WhatsApp, sin papeleo ni espera."}, "metodos_tecnicos": {"acceso": "Login seguro basado en QR (similar a WhatsApp Web).", "sesiones": "Sesiones encriptadas; el teléfono debe permanecer en línea para que la sesión esté activa.", "actualizaciones_en_tiempo_real": "Webhooks para actualizaciones de mensajes.", "sdk_disponibles": ["Node.js", "Python", "PHP", "Laravel"], "ejemplo_integracion_waSenderAPI": {"metodo": "POST", "endpoint": "https://wasenderapi.com/api/send-message", "autenticacion": "Bearer Token (API Key)", "cuerpo_json": "{ \"to\": \"[numero_destinatario]\", \"text\": \"[mensaje]\" }"}}, "casos_de_uso_comunes": ["Soporte al cliente automatizado (chatbots de IA)", "Notificaciones de pedidos (e-commerce)", "Confirmaciones de reservas", "Alertas internas (eventos de backend/sistema)", "Generación de leads (seguimientos personalizados)"]}, "pricing": {"waSenderAPI": {"costo_inicial": "Desde $6/mes", "modelo_costos": "Mensajería ilimitada sin costos por mensaje", "prueba_gratuita": "Sí, sin tarjeta de crédito"}}, "features": [{"nombre": "Sin aprobación de Meta requerida", "descripcion": "Inicio instantáneo sin envío de documentos o esperas."}, {"nombre": "Mensajes ilimitados", "descripcion": "Envío y recepción de mensajes sin límites diarios o altos costos por mensaje."}, {"nombre": "Soporte para todos los tipos de medios", "descripcion": "Texto, imágenes, videos, documentos, audio, compartir contactos y más."}, {"nombre": "Múltiples sesiones", "descripcion": "Conectar múltiples números de WhatsApp y gestionarlos desde un solo lugar."}, {"nombre": "Webhooks + SDKs", "descripcion": "Actualizaciones de mensajes en tiempo real y SDKs para Node.js, Python, PHP, y Laravel."}, {"nombre": "Asequible", "descripcion": "Plataformas como WaSenderAPI inician en $6/mes, ideales para startups, proyectos SaaS y pequeñas empresas."}], "advantages": ["No requiere aprobación de Meta para empezar.", "Mensajes ilimitados sin costos adicionales por mensaje.", "Soporte completo para todos los tipos de medios.", "Capacidad para gestionar múltiples sesiones de WhatsApp.", "Integración fácil con webhooks y SDKs para varios lenguajes de programación.", "Costo significativamente más bajo que la API oficial.", "Flexibilidad y control total sobre la mensajería de WhatsApp sin burocracia."], "disadvantages": ["No está oficialmente soportada por Meta."], "risks": ["No está oficialmente soportado por Meta, lo que podría implicar inestabilidad o cambios sin previo aviso.", "La sesión de WhatsApp puede interrumpirse si el teléfono se desconecta de internet o si se cierra la sesión en el teléfono.", "El riesgo es mínimo si se usa de manera responsable (no para spam o marketing masivo), lo que sugiere un riesgo si no se usa responsablemente."], "temporal_info": {"guia_para_el_ano": "2025"}, "geographical_data": {}, "references": ["https://wasenderapi.com", "https://wasenderapi.com/blog", "https://wasenderapi.com/docs"]}