{"extracted_information": "La API de Augmented Faces de ARCore permite la renderización de activos sobre rostros humanos sin necesidad de hardware especializado. Proporciona puntos característicos para identificar automáticamente diferentes regiones del rostro detectado y superponer activos que coincidan con los contornos faciales.", "specifications": {"puntos_deteccion_facial": "468 puntos en la malla facial 3D densa", "poses_disponibles": [{"nombre": "Pose Central", "ubicacion": "Detrás de la nariz, marca el centro de la cabeza del usuario.", "uso": "Para renderizar activos como un sombrero en la parte superior de la cabeza."}, {"nombre": "Poses de Región", "ubicacion": "Tres poses ubicadas en la frente izquierda, frente derecha y punta de la nariz.", "uso": "Para renderizar activos en la nariz o alrededor de las orejas."}, {"nombre": "Malla Facial 3D", "ubicacion": "Malla densa de 468 puntos.", "uso": "Permite pintar texturas adaptables y detalladas que siguen con precisión un rostro, por ejemplo, para superponer gafas virtuales detrás de una parte específica de la nariz. Recopila suficiente información 3D detallada para renderizar imágenes virtuales fácilmente."}], "hardware_requerido": "Ninguno especializado."}, "features": ["Renderización de activos (modelos 3D y texturas) sobre rostros humanos.", "Identificación automática de regiones faciales a través de puntos característicos.", "Superposición de activos que coinciden con los contornos individuales del rostro.", "Soporte para múltiples plataformas, incluyendo Android (Kotlin/Java), Android NDK (C), Unity (AR Foundation), iOS y Unreal Engine.", "Uso de 'huesos' (bones) en modelos 3D para movimiento individual y seguimiento de regiones faciales.", "Aplicación de texturas con detalles como sombras de ojos o pecas."], "pricing": {}, "statistics": {"puntos_malla_facial": 468}, "temporal_info": {"ultima_actualizacion": "2025-07-14 UTC"}, "geographical_data": {}, "references": ["Guía para desarrolladores de Augmented Faces para Android (Java): /ar/develop/java/augmented-faces/developer-guide", "Creación de texturas personalizadas y modelos 3D para Android (Java): /ar/develop/java/augmented-faces/create-assets", "Licencia Creative Commons Attribution 4.0: https://creativecommons.org/licenses/by/4.0/", "Licencia Apache 2.0 (código de ejemplo): https://www.apache.org/licenses/LICENSE-2.0"]}