{"extracted_information": "El contenido describe la construcción de un sistema de auto-respuesta para WhatsApp usando Python y Selenium. El objetivo es automatizar WhatsApp para leer nuevos mensajes, detectar patrones y enviar respuestas inteligentes sin intervención manual. Se detalla el primer paso técnico y las librerías necesarias para iniciar la automatización.", "specifications": {"herramientas": ["Python", "Selenium", "WhatsApp Web"], "librerias_necesarias": ["selenium", "webdriver-manager"], "comando_instalacion": "pip install selenium webdriver-manager", "pasos_especificos": [{"nombre": "Paso 1: Abrir WhatsApp Web Usando Python + Selenium", "descripcion": "El inicio del proceso de automatización, enfocado en la visibilidad y acceso a WhatsApp Web."}], "codigo_ejemplo_inicial": "from selenium import webdriver\nfrom webdriver_manager.chrome import ChromeDriverManager\nfrom…"}, "pricing": {}, "features": [{"nombre": "Sistema de auto-respuesta para WhatsApp", "descripcion": "Lee nuevos mensajes de WhatsApp, detecta patrones y envía respuestas inteligentes automáticamente."}], "statistics": {}, "temporal_info": {"fecha_publicacion_estimada": "Jul, 2025"}, "geographical_data": {}, "references": [{"tipo": "imagen", "fuente": "Brett Jordan en Unsplash", "url": "https://unsplash.com/@brett_jordan?utm_source=medium&utm_medium=referral"}]}