{"extracted_information": "El artículo compara el SDK de Banuba y ARCore de Google para el seguimiento facial 3D en Android, centrándose en el rendimiento (detección y seguimiento) y las características. Destaca las diferencias en la velocidad, ángulos, distancia y rendimiento multi-facial para la detección (SSD), y la estabilidad del seguimiento (FRX) en diversas condiciones. También aborda la compatibilidad con dispositivos, los requisitos de software y las implicaciones comerciales (código abierto vs. propietario).", "specifications": {"metodologia_pruebas": {"dispositivo_ssd_testing": "Pixel 2", "dispositivo_frx_testing": "Galaxy S9"}, "comparacion_ssd_deteccion_facial": {"velocidad": {"ambos": "Muy rápidos en la detección frontal", "banuba": "Rápida", "arcore": "Rápida"}, "angulos_soportados": {"ambos": "80-90°", "arcore": "Más preciso"}, "distancia_deteccion": {"banuba": "1.8-2.0 metros", "arcore": "1.6-1.7 metros"}, "rendimiento_multi_facial": {"banuba": "Mejor rendimiento con múltiples caras en diferentes ángulos", "arcore": "Inferior a Banuba"}}, "comparacion_frx_seguimiento_facial": {"estabilidad_mascara": {"banuba": "Mejor rendimiento con oclusión, poca luz y rotaciones de cámara", "arcore": "No muestra completamente el rendimiento de la boca con la malla 3D (importante para filtros con disparadores bucales)"}}, "compatibilidad_dispositivos": {"arcore": {"version_android_minima": "7.0 (en la práctica, 8.0 y posterior)", "version_api_minima": "24", "rango_precio_dispositivos_minimo": "250-350 USD (promedio)", "requiere_paquete_adicional": "Google Play Services para AR"}, "banuba": {"rango_precio_dispositivos_minimo": "100 USD (soporta Android Go)", "cobertura_amplia": "Soporta dispositivos de gama baja"}}}, "pricing": {"arcore": "Solución de código abierto, gratuita para desarrolladores", "banuba": "Software propietario, requiere licencia de pago"}, "features": [{"nombre": "Cobertura multiplataforma", "banuba": "Android e iOS", "arcore": "Solo Android"}, {"nombre": "Alcance de dispositivos", "banuba": "Soporta dispositivos de gama baja (desde 100 USD), incluyendo Android Go", "arcore": "Solo dispositivos de gama media y alta (desde 250-350 USD)"}, {"nombre": "Ahorro de energía y capacidad", "banuba": "SDK/API ligero, incluye renderizador 3D, paquetes listos para implementar, ejemplos y packs de filtros AR listos para usar.", "arcore": "Requiere la instalación de un paquete adicional (Google Play Services para AR) que ocupa espacio."}, {"nombre": "Renderizado 3D", "banuba": "Incluye capacidades de modificación de usuario potentes y ricas en funciones.", "arcore": "Técnicamente muy bueno, detección instantánea, máscara se adhiere bien con diferentes ángulos y rotación de cámara."}, {"nombre": "Tiempo de comercialización", "banuba": "Características listas para implementar, facilita el lanzamiento rápido de aplicaciones de RA facial.", "arcore": "Requiere esfuerzos significativos de desarrollo y diseño para la implementación de experiencias completas."}], "statistics": {"cuota_mercado_android": "81.7% del mercado global de smartphones"}, "temporal_info": {"fecha_publicacion_original": "12 de agosto de 2019", "ultima_actualizacion": "21 de marzo de 2023"}, "geographical_data": {}, "references": [{"nombre": "Lista completa de dispositivos ARCore soportados", "url": "https://docs.google.com/spreadsheets/d/1e60BX4HNV_6GmoizYsTaAAXKHj0pNcONsDi_yDL3_k0/edit#gid=1307976828"}, {"nombre": "Google Play Services para AR", "url": "https://play.google.com/store/apps/details?id=com.google.ar.core&hl=en_US"}, {"nombre": "Estadísticas de uso de smartphones (Techjury)", "url": "https://techjury.net/stats-about/smartphone-usage/"}]}