{"extracted_information": "El contenido describe las cuentas de negocios verificadas de WhatsApp, distinguiendo entre cuentas de entidades notables y aquellas suscritas a Meta Verified. La insignia verificada indica que Meta ha autenticado la cuenta basándose en su actividad en las tecnologías de Meta o en la información/documentos proporcionados. Las cuentas de negocios verificadas se autentican mediante un proceso de verificación de varios pasos para asegurar la identidad del negocio.", "specifications": {}, "pricing": {"Meta_Verified": "Suscripción mensual de pago. No se especifica el precio."}, "features": [{"name": "Meta Verified", "description": "Incluye insignia verificada, soporte de cuenta y protección contra la suplantación de identidad."}], "statistics": {}, "temporal_info": {"Meta_Verified_availability": "Meta Verified para negocios en WhatsApp podría no estar disponible aún para todos los usuarios."}, "geographical_data": {}, "references": ["https://www.facebook.com/business/tools/meta-verified-for-business", "https://faq.whatsapp.com/643460927283235/?helpref=faq_content", "https://faq.whatsapp.com/3872729742954601/?helpref=faq_content", "https://faq.whatsapp.com/2470686849751285?helpref=faq_content", "https://faq.whatsapp.com/820124435853543/?helpref=faq_content"]}