{"extracted_information": "La técnica de abuso de los permisos de administrador de dispositivos de Android (T1626.001) permite a los adversarios obtener un mayor control sobre el dispositivo, lo que les permite realizar acciones maliciosas.", "specifications": {"sub_technique_of": "T1626", "tactic_type": "Acceso al dispositivo post-adversario", "last_modified": "16 de abril de 2025"}, "pricing": {}, "features": [{"name": "Abuso de la API de administración de dispositivos de Android", "description": "Los adversarios pueden abusar de la API para obtener un mayor control. Las acciones nefastas incluyen el restablecimiento de la contraseña del dispositivo (para Denegación de servicio del punto final), el restablecimiento de fábrica del dispositivo (para Eliminación de archivos y para borrar rastros de malware), la desactivación de todas las cámaras del dispositivo o la dificultad para desinstalar la aplicación."}, {"name": "Obtención de permisos", "description": "Los administradores del dispositivo deben ser aprobados por el usuario en tiempo de ejecución, con una ventana emergente del sistema que muestra las acciones solicitadas. En conjunción con otras técnicas, como la Inyección de entrada (Input Injection), una aplicación puede otorgarse programáticamente permisos de administrador sin ninguna interacción del usuario."}], "statistics": {}, "temporal_info": {}, "geographical_data": {}, "references": [{"id": "1", "title": "Rooting Malware Makes a Comeback: Lookout Discovers Global Campaign", "url": "https://www.lookout.com/blog/lookout-discovers-global-rooting-malware-campaign"}, {"id": "2", "title": "The rise of mobile banker Asacub", "url": "https://securelist.com/the-rise-of-mobile-banker-asacub/87591/"}, {"id": "3", "title": "Exobot - Android banking Trojan on the rise", "url": "https://www.threatfabric.com/blogs/exobot_android_banking_trojan_on_the_rise.html"}, {"id": "4", "title": "GPlayed Trojan - .Net playing with Google Market", "url": "https://blog.talosintelligence.com/2018/10/gplayedtrojan.html"}, {"id": "5", "title": "Novel Confucius APT Android Spyware Linked to India-Pakistan Conflict", "url": "https://www.lookout.com/blog/lookout-discovers-novel-confucius-apt-android-spyware-linked-to-india-pakistan-conflict"}, {"id": "6", "title": "Red Alert 2.0: Android Trojan targets security-seekers", "url": "https://news.sophos.com/en-us/2018/07/23/red-alert-2-0-android-trojan-targets-security-seekers/"}, {"id": "7", "title": "XLoader Android Spyware and Banking Trojan Distributed via DNS Spoofing", "url": "https://blog.trendmicro.com/trendlabs-security-intelligence/xloader-android-spyware-and-banking-trojan-distributed-via-dns-spoofing/"}, {"id": "8", "title": "What's new in Android security (M and N Version)", "url": "https://www.youtube.com/watch?v=XZzLjllizYs"}], "specifications_detail": {"procedure_examples": [{"id": "S1061", "name": "AbstractEmu", "description": "AbstractEmu puede modificar la configuración del sistema para otorgarse privilegios de administrador del dispositivo."}, {"id": "S0540", "name": "Asacub", "description": "Asacub puede solicitar permisos de administrador del dispositivo."}, {"id": "S0522", "name": "Exobot", "description": "Exobot puede solicitar permisos de administrador del dispositivo."}, {"id": "S0536", "name": "GPlayed", "description": "GPlayed puede solicitar permisos de administrador del dispositivo."}, {"id": "S1077", "name": "Hornbill", "description": "Hornbill puede solicitar privilegios de administrador del dispositivo."}, {"id": "S0539", "name": "Red Alert 2.0", "description": "Red Alert 2.0 puede solicitar permisos de administrador del dispositivo."}, {"id": "S1082", "name": "Sunbird", "description": "Sunbird puede solicitar privilegios de administrador del dispositivo."}, {"id": "S0318", "name": "XLoader for Android", "description": "XLoader for Android solicita acceso de administrador de dispositivos de Android."}], "mitigations": [{"id": "M1006", "name": "Usar versión de SO reciente", "description": "Se introdujeron cambios en Android 7 para dificultar el abuso de los permisos de administrador del dispositivo."}, {"id": "M1011", "name": "Guía para el usuario", "description": "Los usuarios deben examinar cada solicitud de permiso de administración del dispositivo. Si la solicitud no es esperada o el usuario no reconoce la aplicación, la aplicación debe desinstalarse inmediatamente."}], "detection": [{"id": "DS0041", "name": "Evaluación de aplicaciones", "data_component": "Solicitudes de permisos", "detects": "Los servicios de evaluación de aplicaciones pueden buscar la cadena BIND_DEVICE_ADMIN en el manifiesto de la aplicación. Esto indica que puede solicitar al usuario permisos de administrador del dispositivo."}, {"id": "DS0042", "name": "Interfaz de usuario", "data_component": "Solicitud de permisos", "detects": "Se solicita la aprobación del usuario cuando una aplicación pide permisos de administrador del dispositivo."}, {"id": "DS0042", "name": "Interfaz de usuario", "data_component": "Configuración del sistema", "detects": "El usuario puede ver qué aplicaciones están registradas como administradores del dispositivo en la configuración del dispositivo."}]}}