{"extracted_information": "La API de Administración de Dispositivos de Android proporciona funcionalidades a nivel de sistema para crear aplicaciones seguras, útiles en entornos empresariales, donde los profesionales de TI requieren un control exhaustivo sobre los dispositivos de los empleados. Permite a los administradores de dispositivos aplicar políticas de seguridad en los dispositivos, como políticas de contraseñas, cifrado de almacenamiento, borrado remoto de datos y control de funciones del dispositivo. La documentación detalla cómo desarrollar estas aplicaciones, las políticas soportadas y las implicaciones de seguridad, incluyendo la deprecación de ciertas políticas a partir de Android 9.", "specifications": {"api_classes": ["DeviceAdminReceiver", "DevicePolicyManager", "DeviceAdminInfo"], "password_quality_constants": ["PASSWORD_QUALITY_ALPHABETIC", "PASSWORD_QUALITY_ALPHANUMERIC", "PASSWORD_QUALITY_NUMERIC", "PASSWORD_QUALITY_COMPLEX", "PASSWORD_QUALITY_SOMETHING", "PASSWORD_QUALITY_UNSPECIFIED"], "minimum_inactivity_time_lock_range": "1 a 60 minutos"}, "pricing": {}, "features": [{"category": "Capacidades Generales", "items": ["Permite crear aplicaciones conscientes de la seguridad para entornos empresariales.", "Permite a los profesionales de TI un control exhaustivo sobre los dispositivos de los empleados.", "Soporte para aplicaciones de gestión de dispositivos, clientes de correo electrónico y aplicaciones de seguridad (por ejemplo, borrado remoto).", "Pedir al usuario que establezca una nueva contraseña.", "Bloquear el dispositivo inmediatamente.", "Borrar los datos del dispositivo (restaurar a los valores de fábrica)."]}, {"category": "Políticas Soportadas por la API de Administración de Dispositivos", "items": [{"policy": "Contraseña habilitada", "description": "Requiere PIN o contraseñas."}, {"policy": "Longitud mínima de contraseña", "description": "Establece el número mínimo de caracteres para la contraseña.", "details": "Por ejemplo, al menos seis caracteres."}, {"policy": "Contraseña alfanumérica requerida", "description": "Requiere que las contraseñas contengan una combinación de letras y números, pueden incluir caracteres simbólicos."}, {"policy": "Contraseña compleja requerida", "description": "Requiere que las contraseñas contengan al menos una letra, un dígito numérico y un símbolo especial.", "introduced_android_api": "3.0"}, {"policy": "Mínimo de letras requerido en la contraseña", "description": "El número mínimo de letras requerido en la contraseña.", "introduced_android_api": "3.0"}, {"policy": "Mínimo de letras minúsculas requerido en la contraseña", "description": "El número mínimo de letras minúsculas requerido en la contraseña.", "introduced_android_api": "3.0"}, {"policy": "Mínimo de caracteres no alfanuméricos requerido en la contraseña", "description": "El número mínimo de caracteres no alfanuméricos requerido en la contraseña.", "introduced_android_api": "3.0"}, {"policy": "Mínimo de dígitos numéricos requerido en la contraseña", "description": "El número mínimo de dígitos numéricos requerido en la contraseña.", "introduced_android_api": "3.0"}, {"policy": "Mínimo de símbolos requerido en la contraseña", "description": "El número mínimo de símbolos requerido en la contraseña.", "introduced_android_api": "3.0"}, {"policy": "Mínimo de letras mayúsculas requerido en la contraseña", "description": "El número mínimo de letras mayúsculas requerido en la contraseña.", "introduced_android_api": "3.0"}, {"policy": "Tiempo de caducidad de la contraseña", "description": "Tiempo en el que la contraseña caducará, expresado como un delta en milisegundos desde que un administrador de dispositivos establece el tiempo de caducidad.", "introduced_android_api": "3.0"}, {"policy": "Restricción del historial de contraseñas", "description": "Evita que los usuarios reutilicen las últimas *n* contraseñas únicas. Se usa típicamente junto con `setPasswordExpirationTimeout()`.", "introduced_android_api": "3.0"}, {"policy": "Intentos máximos de contraseña fallidos", "description": "Especifica cuántas veces un usuario puede introducir una contraseña incorrecta antes de que el dispositivo borre sus datos. Permite a los administradores restablecer remotamente el dispositivo a los valores de fábrica."}, {"policy": "Bloqueo por tiempo máximo de inactividad", "description": "Establece el tiempo desde la última interacción del usuario antes de que el dispositivo bloquee la pantalla. El valor puede estar entre 1 y 60 minutos."}, {"policy": "Requerir cifrado de almacenamiento", "description": "Especifica que el área de almacenamiento debe ser cifrada, si el dispositivo lo soporta.", "introduced_android_api": "3.0"}, {"policy": "Deshabilitar cámara", "description": "Especifica que la cámara debe ser deshabilitada, puede ser dinámico según el contexto o el tiempo.", "introduced_android_api": "4.0"}]}], "statistics": {}, "temporal_info": {"device_admin_api_introduction": "Android incluye soporte para aplicaciones empresariales mediante la oferta de la API de Administración de Dispositivos de Android.", "deprecation_status": {"android_version": "Android 9 (API nivel 28)", "details": "Algunas políticas de administrador serán marcadas como deprecadas cuando sean invocadas por un administrador de dispositivos. Se recomienda preparar la migración."}, "headless_device_owner_mode_introduction": {"android_version": "Android 14 (API nivel 34)", "details": "Introduce el modo de Usuario del Sistema Sin Cabecera (Headless System User mode) y el modo afiliado de Propietario de Dispositivo Sin Cabecera (headless device owner affiliated mode)."}, "last_updated": "2025-08-20 UTC"}, "geographical_data": {}, "references": ["https://developers.google.com/android/work/device-admin-deprecation", "/work/dpc/build-dpc", "/reference/android/os/UserManager#isHeadlessSystemUserMode()", "/reference/android/app/admin/DeviceAdminInfo#HEADLESS_DEVICE_OWNER_MODE_AFFILIATED", "/reference/android/app/admin/DevicePolicyManager#isAffiliatedUser()", "/reference/android/app/admin/DevicePolicyManager#addUserRestriction(android.content.ComponentName,%20java.lang.String)", "https://source.android.com/docs/devices/admin/implement", "/guide/topics/resources", "/guide/topics/manifest/receiver-element#nm", "/guide/topics/manifest/manifest-intro", "https://github.com/googlearchive/android-AppRestrictionEnforcer", "https://github.com/googlearchive/android-DeviceOwner", "/license"]}