{"extracted_information": "La grabación de llamadas es un procesamiento de datos y, por lo tanto, debe cumplir con el GDPR. La normativa establece directrices estrictas sobre cómo y cuándo se pueden grabar las llamadas, cómo obtener el consentimiento del usuario y cómo almacenar las grabaciones. El incumplimiento puede resultar en multas sustanciales (hasta el 4% de la facturación anual global o 20 millones de euros, lo que sea mayor), daño reputacional, reclamaciones legales y pérdidas operativas. Las empresas deben tener la capacidad de acceder, recuperar y eliminar grabaciones de forma segura, respetando los derechos del interesado.", "specifications": {}, "pricing": {}, "features": [{"name": "Condiciones para la Conformidad con el GDPR en la Grabación de Llamadas", "description": "Cualquier grabación de llamadas debe cumplir una de las siguientes condiciones:", "details": ["Todos los participantes han consentido la grabación por uno o más motivos específicos y declarados.", "La grabación es necesaria para cumplir un contrato, y la persona que llama es parte.", "La grabación de llamadas es necesaria para cumplir una obligación legal por parte de la empresa.", "La empresa puede demostrar que la grabación es necesaria para proteger los intereses de uno o más participantes.", "La grabación de llamadas es de interés público o necesaria para ejercer la autoridad oficial.", "La grabación de llamadas es de interés para la empresa, siempre que no anule el interés de la persona que llama cuando sea necesario recopilar datos personales."]}, {"name": "Cuándo es Legal y Conforme al GDPR la Grabación de Llamadas", "description": "La grabación de llamadas puede ser legal y conforme al GDPR en los siguientes casos:", "details": ["Consentimiento expreso: cuando todas las partes involucradas en la llamada han dado su consentimiento explícito e informado para la grabación.", "Intereses legítimos: cuando la grabación es necesaria para los intereses legítimos de la empresa, siempre que no prevalezcan los derechos y libertades fundamentales del interesado.", "Obligaciones legales: cuando la grabación es necesaria para cumplir una obligación legal.", "Ejecución de un contrato: cuando la grabación es necesaria para la ejecución de un contrato del cual el interesado es parte.", "Protección de intereses vitales: la grabación es necesaria en casos excepcionales para proteger los intereses vitales de una persona."]}, {"name": "Dónde debe Realizarse la Grabación de Llamadas para Cumplir con el GDPR", "description": "La grabación de llamadas debe llevarse a cabo en:", "details": ["Un entorno seguro: sistemas y servidores que cumplan con los estándares de seguridad adecuados para proteger los datos personales registrados.", "Ubicación de los datos: los datos deben almacenarse preferentemente dentro del Espacio Económico Europeo (EEE) o en países con protección de datos adecuada reconocida por la Comisión Europea."]}, {"name": "Cómo debe Realizarse la Grabación de Llamadas para Cumplir con el GDPR", "description": "Para cumplir con el GDPR al grabar llamadas, se deben seguir los siguientes pasos:", "details": ["Obtención de consentimiento: Informar a todos los participantes sobre la grabación y su propósito y obtener su consentimiento explícito antes de comenzar.", "Notificación adecuada: Proporcionar a los participantes información clara y concisa sobre la grabación y el uso de los datos, preferiblemente al comienzo de la llamada.", "Cifrado de datos: Implementar cifrado en tránsito y en reposo para proteger las grabaciones del acceso no autorizado.", "Control de acceso: Establecer controles de acceso estrictos para garantizar que solo el personal autorizado pueda acceder a las grabaciones.", "Almacenamiento y retención: Definir políticas claras de almacenamiento y retención de datos, asegurando que las grabaciones solo se retengan el tiempo necesario y se eliminen de forma segura.", "Derechos de los interesados: Facilitar a los individuos el ejercicio de sus derechos bajo el GDPR, como el derecho de acceso, rectificación, eliminación y objeción al procesamiento de sus datos.", "Evaluación de impacto: Si la grabación de llamadas presenta un alto riesgo para los derechos y libertades de los interesados, realizar una evaluación de impacto de protección de datos (DPIA)."]}, {"name": "Requisitos de Cumplimiento para Soluciones de Grabación de Llamadas", "description": "Cualquier solución implementada debe tener las siguientes capacidades:", "details": ["Consentimiento explícito de las personas que llaman.", "Indicar claramente los propósitos previstos de la grabación de llamadas.", "Almacenar los datos grabados de forma segura.", "Acceder y recuperar fácilmente grabaciones de llamadas particulares cuando sea necesario.", "Eliminar de forma segura las llamadas grabadas cuando lo solicite un usuario.", "Ser razonablemente segura contra riesgos de seguridad internos y externos."]}], "statistics": {}, "temporal_info": {}, "geographical_data": {"application_scope": "GDPR aplica a cualquier empresa que procese datos de ciudadanos de la UE, incluso si la empresa no está dentro de las fronteras de la UE o si no cobra por los bienes y servicios ofrecidos a ciudadanos de la UE. Las excepciones son limitadas para pequeñas empresas."}, "references": []}