{"extracted_information": "Google ha anunciado la disponibilidad experimental de la API de Inferencia de LLM de MediaPipe, que permite ejecutar Modelos de Lenguaje Grandes (LLMs) completamente en el dispositivo a través de diversas plataformas. Esta capacidad es transformadora dadas las altas demandas de memoria y computación de los LLMs. Las optimizaciones realizadas en la pila de dispositivos, incluyendo nuevas operaciones, cuantificación, almacenamiento en caché y compartición de pesos, hacen posible esta implementación. La API está diseñada para simplificar la integración de LLM en el dispositivo para desarrolladores web y ofrece soporte inicial para cuatro LLMs disponibles públicamente. Aunque el enfoque principal es la inferencia en el dispositivo, la API permite la utilización de pesos de modelos base, versiones afinadas por la comunidad o modelos afinados con datos propios del usuario.", "specifications": {"api_name": "MediaPipe LLM Inference API (experimental)", "supported_platforms": ["Web", "Android", "iOS"], "supported_llms": [{"name": "Gemma", "parameter_size": "2B", "activation_type": "fp16", "quantization": "int4 (mixed 4/8-bit)"}, {"name": "Phi 2", "parameter_size": "2B", "activation_type": "fp32", "quantization": "int8"}, {"name": "Falcon", "parameter_size": "1B", "activation_type": "fp32", "quantization": "int8"}, {"name": "Stable LM", "parameter_size": "3B", "activation_type": "fp16", "quantization": "int8"}], "quantization_details": {"weight_quantization": "int8 (predominante), int4 (para Gemma 2B)", "activation_types_reason": "Se eligió el tipo de datos de activación de menor bit que mantuvo la calidad del modelo."}, "android_specific_production": {"gemini_api": "Para aplicaciones de producción con LLMs.", "gemini_nano_on_device_via_aicore": {"description": "Capacidad a nivel de sistema introducida en Android 14 para dispositivos de gama alta.", "features": ["Integraciones con los últimos aceleradores de ML", "Adaptadores LoRA optimizados para casos de uso", "Filtros de seguridad"], "access": "Acceso anticipado a través de Early Access Preview"}}, "optimizations": [{"name": "Compartición de Pesos", "description": "Permite compartir pesos y la caché KV entre contextos de inferencia (fases de precarga y decodificación) a pesar de las demandas de memoria, lo que requiere nuevas implementaciones de kernel."}, {"name": "Operaciones Completamente Conectadas Optimizadas (XNNPack)", "sub_optimizations": [{"type": "Cuantificación de Rango Dinámico", "description": "Fusiona los beneficios computacionales y de memoria de la cuantificación de enteros completos con las ventajas de precisión de la inferencia de punto flotante. Utiliza pesos int8/int4 para mayor rendimiento de memoria y velocidad."}, {"type": "Instrucciones I8MM (ARM v9 CPUs)", "description": "Permiten la multiplicación de una matriz int8 de 2x8 por una int8 de 8x2 en una sola instrucción, duplicando la velocidad de las implementaciones basadas en productos punto NEON."}]}, {"name": "Equilibrio entre Computación y Memoria", "description": "La fase de precarga está limitada por la capacidad de computación; la fase de decodificación por el ancho de banda de la memoria. En precarga, los pesos se des cuantifican a flotante antes de la computación principal. En decodificación, la des cuantificación se añade a las operaciones de convolución principales para minimizar el ancho de banda de la memoria."}, {"name": "Operadores Personalizados", "description": "Ampliamente utilizados para la inferencia de LLM acelerada por GPU en el dispositivo para mitigar la ineficiencia de numerosos shaders pequeños. Permiten fusiones de operadores especiales y empaquetan parámetros de LLM en tensores personalizados."}, {"name": "Pseudo-Dinamismo", "description": "Para operaciones dinámicas en el bloque de atención (que aumentan con el contexto), se utilizan operaciones fijas con un tamaño máximo de caché predefinido. Un parámetro permite omitir cálculos de valores o procesar datos reducidos para disminuir la complejidad computacional."}, {"name": "Diseño Optimizado de la Caché KV", "description": "Las entradas de la caché KV se almacenan en un diseño especializado para pesos de convolución, eliminando la necesidad de conversiones adicionales y contribuyendo a un proceso más eficiente."}]}, "pricing": {}, "features": ["Ejecución de LLMs completamente en el dispositivo.", "Soporte multiplataforma (Web, Android, iOS).", "Compatibilidad con LLMs populares de código abierto (Gemma, Phi 2, Falcon, Stable LM).", "Flexibilidad para prototipar y probar modelos LLM.", "Optimización para las demandas de memoria y computación de los LLMs.", "Capacidad de utilizar pesos de modelos base, afinados por la comunidad o afinados por el usuario.", "Herramientas para la conversión de pesos de modelos a formato TensorFlow Lite Flatbuffer.", "Integración simplificada mediante SDKs específicos por plataforma.", "Rendimiento de baja latencia en CPU y GPU.", "Soporte para aceleradores de ML específicos de hardware en dispositivos Android premium (vía AICore)."], "statistics": {"model_performance_measurements": {"conditions": {"devices": "Dispositivos de gama alta", "max_tokens": 1280, "input_prompt_tokens": 1024, "quantization": "int8 weight quantization (except Gemma 2B (int4) - mixed 4/8-bit)"}, "metrics": [{"model": "Gemma 2B", "prefill_tokens_per_sec": 46.1, "decode_tokens_per_sec": 22.8, "latency_ms_per_token": 43.8}, {"model": "Phi 2", "prefill_tokens_per_sec": 26.6, "decode_tokens_per_sec": 13.9, "latency_ms_per_token": 71.9}, {"model": "Falcon 1B", "prefill_tokens_per_sec": 31.9, "decode_tokens_per_sec": 15.3, "latency_ms_per_token": 65.5}, {"model": "Stable LM 3B", "prefill_tokens_per_sec": 18.2, "decode_tokens_per_sec": 9.0, "latency_ms_per_token": 110.8}], "ios_memory_constraint": "Gemma 2B (int4) fue el único modelo ejecutable en iOS debido a limitaciones de memoria."}}, "temporal_info": {"mediapipe_llm_inference_api_release": "Anunciado como experimental hoy (marzo de 2024)", "tensorflow_lite_release": "2017", "mediapipe_release": "2019", "android_aicore_release": "Introducido en Android 14", "future_plans": "Durante 2024: expansión a más plataformas y modelos, herramientas de conversión más amplias, componentes complementarios en el dispositivo, tareas de alto nivel, entre otros."}, "geographical_data": {}, "references": [{"type": "Web Demo", "url": "https://mediapipe-studio.webapps.google.com/studio/demo/llm_inference"}, {"type": "Sample Demo Apps (GitHub)", "url": "https://github.com/googlesamples/mediapipe/tree/main/examples/llm_inference/js"}, {"type": "Web SDK Documentation", "url": "https://developers.google.com/mediapipe/solutions/genai/llm_inference/web_js"}, {"type": "Android SDK Documentation", "url": "https://developers.google.com/mediapipe/solutions/genai/llm_inference/android"}, {"type": "iOS SDK Documentation", "url": "https://developers.google.com/mediapipe/solutions/genai/llm_inference/ios"}, {"type": "General Documentation (MediaPipe LLM Inference)", "url": "https://developers.google.com/mediapipe/solutions/genai/llm_inference"}, {"type": "Code Examples (GitHub)", "url": "https://github.com/googlesamples/mediapipe/tree/main/examples/llm_inference"}, {"type": "Gemma 2B (int4) on Kaggle", "url": "https://www.kaggle.com/models/google/gemma/frameworks/tfLite/variations/gemma-2b-it-gpu-int4"}, {"type": "Google for Developers YouTube channel", "url": "https://www.youtube.com/channel/UC_x5XG1OV2P6uZZ5FSM9Ttw"}]}