{"extracted_information": "La página describe la funcionalidad de reconocimiento de voz en tiempo real (streaming) de Google Cloud Speech-to-Text, incluyendo detalles técnicos sobre los límites de las solicitudes de streaming, los requisitos de formato de audio y los métodos de integración a través de bibliotecas cliente. También se mencionan consideraciones sobre la latencia inherentes al procesamiento en tiempo real y la gestión de flujos de audio continuos. Aunque no se detallan métodos específicos para llamadas telefónicas, la capacidad de procesar flujos de audio en tiempo real desde micrófonos es directamente aplicable.", "specifications": {"limite_solicitudes_streaming": "10 MB por solicitud inicial y por mensaje individual en el flujo. Exceder este límite causará un error.", "formato_audio_requerido": {"codificacion": "LINEAR16", "frecuencia_muestreo": "16000 Hz", "tamano_muestra_bits": "16 bits", "canales": "1 (mono)", "firmado": "verdadero", "bigEndian": "falso"}, "tamano_buffer_audio": "6400 bytes por buffer (para entrada de micrófono en Java)", "limite_sesion_streaming_continua": "290000 ms (~5 minutos) antes de reiniciar automáticamente el flujo para el reconocimiento continuo."}, "pricing": {}, "features": ["Reconocimiento de voz en tiempo real: Permite enviar audio a Speech-to-Text y recibir resultados de reconocimiento de voz en tiempo real a medida que se procesa el audio.", "Resultados provisionales: La configuración de streaming permite recibir resultados provisionales ('interimResults').", "Reconocimiento continuo/infinito: Capacidad para manejar flujos de audio de duración indefinida mediante el reinicio automático de la solicitud de streaming y la gestión de audio no finalizado (bridging offset) para una transición perfecta.", "Soporte gRPC: El reconocimiento de voz en streaming está disponible exclusivamente a través de gRPC."], "statistics": {}, "temporal_info": {"ultima_actualizacion_contenido": "2025-08-21 UTC"}, "geographical_data": {}, "references": ["Documentación de Google Cloud Speech-to-Text (Cloud Speech-to-Text Documentation)", "Cuotas de audio para solicitudes de streaming (/speech-to-text/quotas)", "Referencia RPC gRPC para Google Cloud Speech-to-Text v1 (/speech-to-text/docs/reference/rpc/google.cloud.speech.v1)", "Bibliotecas cliente de Speech-to-Text (/speech-to-text/docs/client-libraries)", "Configuración de credenciales predeterminadas de la aplicación para el entorno de desarrollo local (/docs/authentication/set-up-adc-local-dev-environment)", "Documentación de referencia de la API para Go, Java, Node.js, Python, C#, PHP, Ruby."], "integration_methods": {"api_protocolo": "gRPC", "bibliotecas_cliente_disponibles": ["Go", "Java", "Node.js", "Python", "C#", "PHP", "Ruby"], "autenticacion": "Credenciales predeterminadas de la aplicación (Application Default Credentials)", "fuentes_audio_soportadas": "Flujos de audio en tiempo real desde un micrófono (aplicable a llamadas telefónicas), o archivos de audio locales.", "herramientas_adicionales_node_js": "Se requiere SoX para el muestreo de audio en Node.js."}, "audio_processing_requirements": {"codificacion": "LINEAR16", "frecuencia_muestreo": "16000 Hz"}, "latency_considerations": "El servicio está diseñado para el reconocimiento en tiempo real, lo que implica una baja latencia en el procesamiento del audio. Sin embargo, no se especifican valores numéricos concretos para la latencia."}