{"extracted_information": "El contenido proporciona una guía paso a paso sobre cómo obtener la verificación Green Tick para WhatsApp Business.", "specifications": {}, "pricing": {}, "features": [], "statistics": {}, "temporal_info": {"tiempo_aprobacion": "2–15 días hábiles (una vez enviada la solicitud, Meta revisa la aplicación)"}, "geographical_data": {}, "references": [], "requirements": ["Uso de WhatsApp Business API (no la aplicación gratuita de WhatsApp Business)", "Asociarse con un proveedor oficial de soluciones de WhatsApp Business (BSP)", "Autenticación de dos pasos habilitada para la API de WhatsApp", "Perfil de negocio de WhatsApp optimizado y consistente con otras plataformas públicas", "Documentos legales para demostrar legitimidad (prueba de registro de empresa, URL del sitio web, ID de correo electrónico oficial, enlaces a redes sociales, licencias gubernamentales relevantes)", "Facebook Business Manager verificado (acelera el proceso)"], "steps": [{"number": 1, "title": "Cambiar a la API de WhatsApp Business", "description": "Necesitas la API, no la aplicación gratuita. Asóciate con un Proveedor Oficial de Soluciones de WhatsApp Business (BSP). El BSP te ayudará con la configuración de la API, el alojamiento del número, la habilitación de funciones de mensajería y el envío de solicitudes de verificación en tu nombre. Asegúrate de que la autenticación de dos pasos esté habilitada para la API de WhatsApp."}, {"number": 2, "title": "Crear y optimizar tu perfil de negocio", "description": "Una vez configurada la cuenta a través de la API, personaliza tu perfil de WhatsApp Business. Añade: Nombre de visualización, Descripción del negocio, Logotipo, Sitio web, Correo electrónico y Teléfono, Categoría del negocio. Mantén la consistencia con lo que aparece en tu sitio web u otras plataformas públicas."}, {"number": 3, "title": "Enviar documentos legales", "description": "Deberás presentar: Prueba de registro de la empresa (como GST, PAN o certificado de incorporación), URL del sitio web, ID de correo electrónico oficial, Enlaces a redes sociales, Cualquier licencia gubernamental relevante. Esto es para que WhatsApp confirme tu legitimidad."}, {"number": 4, "title": "Solicitar el Green Tick", "description": "Pide a tu BSP que inicie la solicitud del Green Tick a través de Facebook Business Manager. Ellos completarán el formulario de solicitud por ti. Asegúrate de que tu Facebook Business Manager también esté verificado, esto acelera el proceso."}, {"number": 5, "title": "Esperar la aprobación", "description": "Una vez enviada, Meta revisa tu solicitud. Esto puede tardar de 2 a 15 días hábiles. Si se aprueba, la insignia verificada de WhatsApp Business (Green Tick) aparecerá automáticamente junto al nombre de tu negocio."}], "benefits": []}