{"extracted_information": "Este contenido detalla el mecanismo de las expresiones faciales en Live2D para su incrustación en aplicaciones o juegos. Explica el uso del archivo `motion3.json` que contiene valores por defecto y de expresión, y cómo su diferencia afecta la expresión del modelo. Se mencionan configuraciones aditivas y multiplicativas para la aplicación de diferencias de parámetros. También se especifican los parámetros críticos a considerar, como la apertura/cierre de ojos y boca, y la posición de los globos oculares, con ejemplos de su impacto en el movimiento. No se encontró información específica sobre mecánicas exclusivas para avatares 'kawaii' ni sobre la integración con Android.", "specifications": {"mecanismo_expresiones_faciales": {"archivo_base": "motion3.json", "componentes_archivo": {"valor_por_defecto": "Valor base del parámetro", "valor_expresion": "Valor del parámetro para la expresión específica"}, "calculo_expresion": "La diferencia entre el valor por defecto y el valor de expresión se añade al valor del parámetro de la animación creada por separado.", "tipo_ajuste_parametros": "Estándar es aditivo, pero puede ser multiplicativo dependiendo de la configuración en Cubism Viewer (for OW) y el programa.", "ejemplo_expresion_enojo": {"parametros_afectados": [{"nombre": "Apertura/Cierre Ojo Izquierdo", "por_defecto": 1, "enojo": 0.8, "diferencia": -0.2}, {"nombre": "Ojo Izquierdo Sonriendo", "por_defecto": 0, "enojo": 0, "diferencia": 0}, {"nombre": "Apertura/Cierre Ojo Derecho", "por_defecto": 1, "enojo": 0.8, "diferencia": -0.2}, {"nombre": "Ojo Derecho Sonriendo", "por_defecto": 0, "enojo": 0, "diferencia": 0}, {"nombre": "Globo Ocular X", "por_defecto": 0, "enojo": 0, "diferencia": 0}, {"nombre": "Globo Ocular Y", "por_defecto": 0, "enojo": 0, "diferencia": 0}, {"nombre": "Cejas Izquierda Arriba/Abajo", "por_defecto": 0, "enojo": -0.4, "diferencia": -0.4}, {"nombre": "Cejas Derecha Arriba/Abajo", "por_defecto": 0, "enojo": -1, "diferencia": -1}, {"nombre": "Cejas Izquierda Izquierda/Derecha", "por_defecto": 0, "enojo": 0, "diferencia": 0}, {"nombre": "Cejas Derecha Izquierda/Derecha", "por_defecto": 0, "enojo": 0, "diferencia": 0}, {"nombre": "Ángulo Ceja Izquierda", "por_defecto": 0, "enojo": -1, "diferencia": -1}, {"nombre": "Ángulo Ceja Derecha", "por_defecto": 0, "enojo": -1, "diferencia": -1}, {"nombre": "Deformación Ceja Izquierda", "por_defecto": 0, "enojo": -1, "diferencia": -1}, {"nombre": "Deformación Ceja Derecha", "por_defecto": 0, "enojo": -1, "diferencia": -1}, {"nombre": "Deformación Boca", "por_defecto": 1, "enojo": -2, "diferencia": -3}, {"nombre": "Apertura/Cierre Boca", "por_defecto": 0, "enojo": 0, "diferencia": 0}]}}}, "pricing": {}, "features": [{"nombre": "Manejo de parámetros clave", "descripcion": "Los parámetros 'EyeL open/close', 'EyeR open/close', 'Eyeball X', 'Eyeball Y' y 'Mouth open/close' requieren una configuración cuidadosa."}, {"nombre": "Apertura y cierre de ojos", "descripcion": "Si el valor de expresión difiere del por defecto, el parpadeo puede verse afectado. Ej: si la diferencia es negativa, los ojos ya están parcialmente cerrados; si es positiva (ojos muy abiertos), podrían no cerrarse completamente al parpadear. Se sugiere multiplicación para estos casos."}, {"nombre": "Posición de los globos oculares", "descripcion": "Se recomienda que 'Eyeball X' y 'Eyeball Y' tengan el mismo valor por defecto que el de expresión para evitar que los ojos miren en direcciones no deseadas durante la reproducción del movimiento. El control de la línea de los ojos se maneja típicamente desde el lado del movimiento."}, {"nombre": "Apertura y cierre de la boca", "descripcion": "Se recomienda que los valores por defecto y de expresión para 'Mouth open/close' sean '0' o excluir este parámetro de las configuraciones de expresión. Si la boca se establece como 'medio abierta' en la expresión, podría no cerrarse completamente durante la sincronización labial, resultando en una forma antinatural."}], "statistics": {}, "temporal_info": {"ultima_actualizacion_pagina": "04/27/2021"}, "geographical_data": {}, "references": [{"titulo": "Crear expresiones faciales en Vista de Animación", "url": "https://docs.live2d.com/en/cubism-editor-manual/create-facial-expressions/"}, {"titulo": "Datos para uso incrustado (Exportar archivos moc3 y motion3)", "url": "https://docs.live2d.com/en/cubism-editor-manual/export-moc3-motion3-files/"}, {"titulo": "Configuración y exportación de expresiones faciales", "url": "https://docs.live2d.com/en/cubism-editor-manual/setting-and-exporting-facial-expressions/"}]}