{"extracted_information": "La información proporcionada detalla el uso de MediaPipe Face Landmarker para Python, incluyendo sus capacidades de detección de hitos faciales y expresiones, seguimiento facial en tiempo real y su aplicación en la creación de avatares virtuales. El contenido se centra exclusivamente en la implementación para Python, no ofreciendo detalles específicos para Android.", "specifications": {"plataformas_cubiertas_en_contenido": "Python (a través del paquete PyPI 'mediapipe')", "modos_de_ejecucion_soportados": ["IMAGE (para entradas de imagen única)", "VIDEO (para fotogramas decodificados de video)", "LIVE_STREAM (para flujos de datos en vivo, como cámaras, con procesamiento asíncrono)"], "salidas_generadas": ["Hitos faciales 3D (478 hitos por rostro, con coordenadas x, y, z)", "Puntuaciones de blendshape (52 blendshapes por rostro, coeficientes que representan expresiones faciales, ej. 'browDownLeft', 'browDownRight', 'browInnerUp', 'browOuterUpLeft')", "Matrices de transformación facial (para aplicar efectos en los hitos detectados)"], "opciones_de_configuracion_python": {"running_mode": {"descripcion": "Define el modo de ejecución de la tarea.", "valores_posibles": ["IMAGE", "VIDEO", "LIVE_STREAM"], "valor_por_defecto": "IMAGE"}, "num_faces": {"descripcion": "Número máximo de rostros que pueden ser detectados. El suavizado solo se aplica cuando num_faces se establece en 1.", "rango_valores": "Entero > 0", "valor_por_defecto": 1}, "min_face_detection_confidence": {"descripcion": "Puntuación de confianza mínima para que la detección de rostro se considere exitosa.", "rango_valores": "Flotante [0.0, 1.0]", "valor_por_defecto": 0.5}, "min_face_presence_confidence": {"descripcion": "Puntuación de confianza mínima de la presencia del rostro en la detección de hitos faciales.", "rango_valores": "Flotante [0.0, 1.0]", "valor_por_defecto": 0.5}, "min_tracking_confidence": {"descripcion": "Puntuación de confianza mínima para que el seguimiento de rostro se considere exitoso.", "rango_valores": "Flotante [0.0, 1.0]", "valor_por_defecto": 0.5}, "output_face_blendshapes": {"descripcion": "Indica si Face Landmarker debe emitir las formas de mezcla faciales, utilizadas para renderizar el modelo 3D de un rostro.", "valor_posible": "Booleano", "valor_por_defecto": false}, "output_facial_transformation_matrixes": {"descripcion": "Indica si FaceLandmarker debe emitir la matriz de transformación facial, usada para transformar los hitos faciales de un modelo canónico al rostro detectado, permitiendo aplicar efectos.", "valor_posible": "Booleano", "valor_por_defecto": false}, "result_callback": {"descripcion": "Define el escuchador de resultados para recibir los resultados del landmarker asíncronamente cuando FaceLandmarker está en modo de transmisión en vivo. Solo se puede usar cuando el modo de ejecución es LIVE_STREAM.", "valor_posible": "ResultListener", "valor_por_defecto": "N/A (No Aplicable)"}}}, "pricing": {}, "features": ["Detección de hitos faciales y expresiones en imágenes y videos.", "Capacidad de seguimiento facial en tiempo real a partir de flujos continuos de imágenes.", "Permite la creación de avatares virtuales y la aplicación de filtros/efectos faciales.", "Genera hitos faciales 3D para inferir superficies faciales detalladas.", "Proporciona puntuaciones de blendshape para inferir expresiones faciales.", "Incluye matrices de transformación para el renderizado de efectos.", "Ofrece procesamiento asíncrono para flujos en vivo, evitando el bloqueo del hilo principal.", "Compatible con carga de datos de entrada desde archivos de imagen, arrays NumPy, o mediante librerías externas como OpenCV para video y webcam.", "Dispone de ejemplos de código detallados para Python, incluyendo notebooks de Colab y una aplicación para Raspberry Pi.", "Configuración personalizable de la confianza de detección, seguimiento y número de rostros."], "statistics": {}, "temporal_info": {"ultima_actualizacion_contenido": "2025-01-13 UTC"}, "geographical_data": {}, "references": [{"nombre": "Código de ejemplo de Face Landmarker en GitHub (Python)", "url": "https://github.com/google-ai-edge/mediapipe-samples/tree/main/examples/face_landmarker/python"}, {"nombre": "Visión general de Face Landmarker (capacidades, modelos, configuración)", "url": "https://ai.google.dev/edge/mediapipe/solutions/vision/face_landmarker/index"}, {"nombre": "Código de ejemplo de Face Landmarker en Colab (Python)", "url": "https://colab.research.google.com/github/googlesamples/mediapipe/blob/main/examples/face_landmarker/python/%5BMediaPipe_Python_Tasks%5D_Face_Landmarker.ipynb"}, {"nombre": "Aplicación de ejemplo de Face Landmarker para Raspberry Pi", "url": "https://github.com/google-ai-edge/mediapipe-samples/tree/main/examples/face_landmarker/raspberry_pi"}, {"nombre": "Guía de configuración para MediaPipe en Python", "url": "/mediapipe/solutions/setup_python"}, {"nombre": "Sección de modelos de Face Landmarker", "url": "https://ai.google.dev/edge/mediapipe/solutions/vision/face_landmarker/index#models"}, {"nombre": "Repositorio OpenCV (para carga de frames de video)", "url": "https://github.com/opencv/opencv"}, {"nombre": "Licencia Creative Commons Attribution 4.0", "url": "https://creativecommons.org/licenses/by/4.0/"}, {"nombre": "Licencia Apache 2.0", "url": "https://www.apache.org/licenses/LICENSE-2.0"}, {"nombre": "Políticas del sitio de Google Developers", "url": "https://developers.google.com/site-policies"}]}