{"extracted_information": "ObjectBox 4.0 es la primera base de datos vectorial local en dispositivo para desarrolladores de Android y Java/Kotlin, diseñada para potenciar aplicaciones con capacidades de IA local (Edge AI). Facilita el procesamiento y análisis avanzado de datos vectoriales, como la medición de similitudes semánticas en diferentes tipos de documentos (imágenes, audio, textos). Permite la Generación Aumentada por Recuperación (RAG) en el dispositivo, asegurando que los datos permanezcan privados al no salir del dispositivo. Soporta búsqueda vectorial (búsqueda de similitud) creando índices escalables en propiedades de vectores de punto flotante. Utiliza el algoritmo HNSW (Hierarchical Navigable Small World) para encontrar datos relevantes en millones de entradas en milisegundos. Permite la integración con modelos de embeddings para generar vectores a partir de textos, imágenes, etc., con opciones para ejecución local (ej. MediaPipe para Android) o en la nube. Las métricas de rendimiento CRUD actualizadas para 2024 muestran un alto rendimiento, con un valor medido de 2.5 millones de eliminaciones por segundo, aunque el gráfico se truncó a 800k por segundo. Próximamente se publicarán benchmarks específicos para la búsqueda vectorial en dispositivos Android.", "specifications": {"version": "ObjectBox 4.0", "platform_support": "Android, Java, Kotlin", "indexing_algorithm": "HNSW (Hierarchical Navigable Small World)", "indexed_data_type": "Propiedades de vectores de punto flotante", "dimensions_example": "2 dimensiones (ej. latitud, longitud)", "scalability_claim": "Encuentra datos relevantes en millones de entradas en milisegundos", "on_device_capabilities": "Procesamiento de IA local, RAG en dispositivo, privacidad de datos"}, "pricing": {}, "features": [{"name": "Base de datos vectorial en dispositivo", "description": "Primera base de datos vectorial local para Android, permitiendo el procesamiento de datos directamente en el dispositivo."}, {"name": "Soporte para Edge AI", "description": "Capacidad para potenciar aplicaciones con inteligencia artificial local."}, {"name": "Procesamiento de datos vectoriales", "description": "Análisis avanzado de datos vectoriales, incluyendo medición de similitudes semánticas en imágenes, audio y textos."}, {"name": "Generación Aumentada por Recuperación (RAG)", "description": "Permite mejorar Modelos de Lenguaje Grandes (LLM) o Pequeños (SLM) con conocimiento de dominio, propietario y datos privados, manteniendo la privacidad al operar en el dispositivo."}, {"name": "Búsqueda vectorial (Búsqueda de similitud)", "description": "Capacidad para crear un índice vectorial escalable sobre propiedades de vectores de punto flotante, utilizando el algoritmo HNSW."}, {"name": "Consultas de vecinos más cercanos", "description": "Funcionalidad para encontrar los elementos más cercanos a un vector de consulta, con métodos para obtener resultados con puntuaciones (distancia)."}, {"name": "Integración con Embeddings", "description": "Soporte para usar vectores creados por modelos de embedding, con mención de opciones para ejecución local (ej. MediaPipe para Android para embeddings de texto e imagen) o en la nube."}], "statistics": {"crud_performance_benchmarks_2024": {"context": "Resultados de benchmarks de código abierto (CRUD - Create, Read, Update, Delete).", "delete_performance": {"reported_in_chart": "800k por segundo (truncado)", "actually_measured": "2.5M (2.5 millones) por segundo", "focus": "Rendimiento de objetos, no filas/columnas crudas."}}}, "temporal_info": {"release_version": "4.0", "benchmarks_date": "2024", "vector_search_benchmarks_status": "Próximamente"}, "geographical_data": {}, "references": ["https://objectbox.io/on-device-vector-databases-and-edge-ai/", "https://objectbox.io/the-rise-of-small-language-models-2/", "https://objectbox.io/retrieval-augmented-generation-rag-with-vector-databases-expanding-ai-capabilities/", "https://docs.objectbox.io/ann-vector-search", "https://en.wikipedia.org/wiki/Hierarchical_navigable_small_world", "https://github.com/local-ai-stack/local-ai-stack/blob/main/embedding-models.md", "https://ai.google.dev/edge/mediapipe/solutions/text/text_embedder", "https://ai.google.dev/edge/mediapipe/solutions/vision/image_embedder/android", "https://github.com/objectbox/objectbox-performance/"]}