{"extracted_information": "Oculus Lipsync es un plugin de Unity diseñado para sincronizar los movimientos labiales de avatares con sonidos de habla y risas. Analiza el flujo de entrada de audio (micrófono o archivo) para predecir 15 valores llamados visemas, que son expresiones labiales y faciales correspondientes a un sonido del habla específico. Estos visemas se utilizan para animar avatares modificando los 'morph targets' de la geometría del avatar, lo que permite un movimiento labial realista. La detección de risas es compatible a partir de la versión 1.30.0. La documentación actual advierte que no se actualiza y podría ser eliminada, y que el plugin Oculus Spatializer ha llegado al fin de su vida útil (EOL).", "specifications": {"plataformas_compatibles": ["Unity 5.x Professional o Personal o posterior", "Android", "Windows (7, 8 o 10)", "macOS (OS X 10.9.5 o posterior)"], "visemes_soportados": ["sil", "PP", "FF", "TH", "DD", "kk", "CH", "SS", "nn", "RR", "aa", "E", "ih", "oh", "ou"], "version_deteccion_risa": "1.30.0 y posteriores"}, "features": [{"nombre": "Sincronización de movimiento labial", "descripcion": "Analiza audio para generar movimientos labiales de avatares."}, {"nombre": "Detección de risa", "descripcion": "Añade más carácter y emoción a los avatares detectando risas."}, {"nombre": "Uso de visemas", "descripcion": "Mapea el audio a 15 visemas para modificar 'morph targets' de la geometría del avatar."}, {"nombre": "Visemas agnósticos al idioma", "descripcion": "Los 15 visemas seleccionados ofrecen un rango máximo de movimiento labial y son independientes del idioma."}], "pricing": {}, "statistics": {}, "temporal_info": {"estado_documentacion": "Ya no se actualiza y está sujeta a eliminación.", "estado_oculus_spatializer_plugin": "Fin de vida útil (EOL), sin soporte más allá de v47."}, "geographical_data": {}, "references": [{"titulo": "Referencia de Visemas", "url": "/horizon/documentation/unity/audio-ovrlipsync-viseme-reference/"}, {"titulo": "Estándar MPEG-4 de Visemas", "url": "http://www.visagetechnologies.com/uploads/2012/08/MPEG-4FBAOverview.pdf"}, {"titulo": "Compatibilidad y Requisitos de Unity", "url": "/horizon/documentation/unity/unity-env-device-setup/"}, {"titulo": "Descarga del paquete Oculus Lipsync Unity", "url": "/horizon/downloads/package/oculus-lipsync-unity/"}, {"titulo": "Uso del paquete Oculus Lipsync", "url": "/horizon/documentation/unity/audio-ovrlipsync-using-unity/"}, {"titulo": "Guía para precalcular visemas en Unity", "url": "/horizon/documentation/unity/audio-ovrlipsync-precomputed-unity/"}, {"titulo": "Explorando Oculus Lipsync con el ejemplo de Unity", "url": "/horizon/documentation/unity/audio-ovrlipsync-sample-unity/"}], "integration_details": {"proceso_importacion": ["Descargar el paquete 'Oculus Lipsync Unity' de la página oficial.", "Extraer el archivo .zip.", "Abrir un proyecto de Unity o crear uno nuevo.", "En el Editor de Unity, seleccionar 'Assets > Import Package > Custom Package'.", "Seleccionar el archivo 'OVRLipSync.unitypackage' dentro de la subcarpeta 'LipSync\\UnityPlugin' del archivo extraído.", "En el diálogo 'Importing Package', dejar todos los activos seleccionados y hacer clic en 'Import'."], "consideraciones_integracion": ["Se recomienda eliminar cualquier versión previamente importada de la integración Lipsync Unity antes de importar una nueva versión.", "Para usar los plugins OVRVoiceMod y OVRLipsync juntos, se debe instalar el paquete unificado de Unity."]}, "performance_details": {"mejora_rendimiento": "Se puede mejorar el rendimiento utilizando visemas precalculados."}}