{"extracted_information": "La plataforma de WhatsApp Business ahora aplica precios por mensaje, efectivos a partir del 1 de julio de 2025, basándose en la zona horaria de la Cuenta de WhatsApp Business (WABA).", "specifications": {"modelo_precios_actual": "Por mensaje (a partir del 1 de julio de 2025)", "mensajes_facturables": "Solo se cobran los mensajes de plantilla entregados (`\"type\":\"template\"`). Las tarifas varían según la categoría de la plantilla y el código de país del número de teléfono del destinatario de WhatsApp.", "mensajes_gratuitos": ["Todos los mensajes no de plantilla (`\"type\":\"text\"`, `\"type\":\"image\"`, etc.) son gratuitos si se envían dentro de una ventana abierta de servicio al cliente (CSW).", "Las plantillas de utilidad entregadas dentro de una ventana abierta de servicio al cliente son gratuitas.", "Todos los mensajes (incluidas las plantillas) son gratuitos durante 72 horas si se envían dentro de una ventana de punto de entrada gratuito (FEP) abierta."], "categorias_plantillas": ["Marketing", "Utilidad", "Autenticación"], "ventana_servicio_cliente": "Se abre por 24 horas cuando un usuario envía un mensaje a la empresa. Solo se pueden enviar mensajes de plantilla una vez que se cierra.", "ventana_punto_entrada_gratuito": "Si un usuario inicia un mensaje a través de un anuncio de 'Click to WhatsApp' o un botón de 'Llamada a la acción' de la página de Facebook (solo dispositivos móviles), se abre una CSW. Si la empresa responde en 24 horas, se abre una ventana FEP de 72 horas durante la cual todos los mensajes son gratuitos."}, "pricing": {"factores_tarifas": ["Categoría de la plantilla (Marketing, Utilidad, Autenticación)", "Volumen de mensajes (niveles de volumen para tarifas más bajas en plantillas de utilidad y autenticación)", "País/región del destinatario"], "disponibilidad_tarifas": "Las tarifas y los niveles de volumen están disponibles para USD, INR, IDR, EUR, GBP, AUD, efectivos a partir del 1 de julio de 2025. Se pueden consultar en el sitio web de WhatsApp Business.", "ejemplo_cobro": "De 4 mensajes enviados, solo se cobran 2 (1 de marketing, 1 de utilidad) bajo ciertas condiciones:\n- H0: Plantilla de marketing (Cobrado: Marketing)\n- H2: Usuario envía mensaje (Abre CSW 24h, No cobrado)\n- H3: Mensaje de texto no de plantilla (Gratis dentro de CSW)\n- H4: Plantilla de utilidad (Gratis dentro de CSW)\n- H26: CSW se cierra\n- H30: Plantilla de utilidad (Cobrado: Utilidad, fuera de CSW)", "actualizaciones_tarifas": ["1 de julio de 2025: Tarifas de mensajes de utilidad y autenticación más bajas en varios mercados. Las tarifas de conversación de marketing se convirtieron en tarifas de mensajes de marketing.", "1 de abril de 2025: Tarifas de conversación de autenticación-internacional más bajas para Egipto, Nigeria, Pakistán y Sudáfrica.", "1 de febrero de 2025: Tarifas de conversación de autenticación más bajas para Egipto, Malasia, Nigeria, Pakistán, Arabia Saudita, Sudáfrica y Emiratos Árabes Unidos.", "1 de noviembre de 2024: Las conversaciones de servicio ahora son gratuitas para todas las empresas.", "1 de octubre de 2024: Tarifas de conversación de marketing actualizadas en India, Arabia Saudita, Emiratos Árabes Unidos y Reino Unido.", "1 de agosto de 2024: Tarifas de conversación de utilidad más bajas."], "niveles_volumen": {"acumulacion_niveles": "Los mensajes se agregan a nivel de cartera de negocios, en todas las WABA de la cartera, por par de mercado-categoría (ej. Brasil-autenticación). Solo los mensajes cobrados cuentan para los niveles.", "determinacion_niveles": "Los niveles de volumen son determinados exclusivamente por Meta.", "dinamicas_clave": ["Los niveles son específicos del mercado-categoría.", "Las tarifas son específicas del nivel: al alcanzar un nuevo nivel, se desbloquea la tarifa de ese nivel para los mensajes en ese nivel.", "Los niveles se reinician mensualmente (12 AM hora de la WABA)."]}, "precios_api_llamadas_whatsapp_business": "Tiene una estructura de precios diferente, detallada en un documento aparte."}, "features": ["Envío de mensajes de plantilla y no de plantilla.", "Ventanas de servicio al cliente y puntos de entrada gratuitos para mensajes gratuitos.", "Categorización de plantillas (Marketing, Utilidad, Autenticación) para fines de facturación.", "Sistema de niveles de volumen para tarifas reducidas en mensajes de utilidad y autenticación."], "statistics": {}, "temporal_info": {"fecha_efectiva_precios_por_mensaje": "1 de julio de 2025", "actualizaciones_tarifas_fechas": ["1 de julio de 2025", "1 de abril de 2025", "1 de febrero de 2025", "1 de noviembre de 2024", "1 de octubre de 2024", "1 de agosto de 2024"], "duracion_ventana_servicio_cliente": "24 horas", "duracion_ventana_punto_entrada_gratuito": "72 horas", "reinicio_niveles_volumen": "Mensual"}, "geographical_data": {"variacion_tarifas_por_region": "Las tarifas varían según el código de país del número de teléfono de WhatsApp del destinatario.", "tarifas_autenticacion_internacional": "Tasas específicas para ciertos países (ej. Egipto, Nigeria, Pakistán, Sudáfrica, Malasia, Arabia Saudita, Emiratos Árabes Unidos).", "mapa_codigos_pais": "Tabla y CSV disponibles que mapean los códigos de llamada de país a países o regiones (Norteamérica, Resto de África, Resto de Asia Pacífico, Resto de Europa Central y Oriental, Resto de Europa Occidental, Resto de América Latina, Resto de Oriente Medio, Otros)."}, "references": [{"description": "PDF Explicativo de Precios", "url": "https://scontent-iad3-2.xx.fbcdn.net/v/t39.2365-6/506409115_515804291560768_5477144239594007982_n.pdf?_nc_cat=111&ccb=1-7&_nc_sid=e280be&_nc_ohc=-nt3P8-0YQEQ7kNvwG_3U3c&_nc_oc=Adla5nPtPlKp1YrAIQCj1BRR9zpckDKevZsdhMkuTMbykb7mS9aBvoxSADkttwHv5gE&_nc_zt=14&_nc_ht=scontent-iad3-2.xx&_nc_gid=GtCxmwTKOFiMslJjLj42hA&oh=00_AfU4FFs_r6fp_tb_AlgKLoLeY41OMrmQiffpm0nu4iT4gw&oe=68C3483A"}, {"description": "Sitio web de WhatsApp Business con tarifas interactivas", "url": "https://l.facebook.com/l.php?u=https%3A%2F%2Fbusiness.whatsapp.com%2Fproducts%2Fplatform-pricing%23rates&h=AT2s1ZPmxukjFbT6_2T78rk5S6TzA5tCnFE2dOu7rzuX5DlEVWrhBgt04YCFOp5J4kqwNQ78KcqoGIQD35GXbtJNmNL4zqBxTCtFF-WdHJWaFBzfs8tGtDDqERdrWfU511oijoeqEsOMS01gMPMvcw"}, {"description": "CSV de Códigos de País y Mapeo de Tarifas Regionales", "url": "https://scontent-iad3-1.xx.fbcdn.net/v/t39.8562-6/344798214_767840758316481_5654395932125999270_n.csv?_nc_cat=101&ccb=1-7&_nc_sid=b8d81d&_nc_ohc=9C-WSKyMpQAQ7kNvwGpgsuW&_nc_oc=Adlhl921Rz35p8HIXAngcvZ76vghEY_pgJ53Lz-8LMF-pZux8RGBHTPuOIvguF8ws3E&_nc_zt=14&_nc_ht=scontent-iad3-1.xx&_nc_gid=GtCxmwTKOFiMslJjLj42hA&oh=00_AfUZQIaHawXTFCrMRgGdE8rNETGD8ocIM-zc7J-eSMUFMg&oe=68AEE060"}, {"description": "Información sobre facturación de la Cuenta de WhatsApp Business", "url": "https://www.facebook.com/business/help/2225184664363779"}]}