{"extracted_information": "Google AI Edge Torch es una herramienta que permite convertir modelos PyTorch para ejecutarse localmente en Android y otras plataformas. Utiliza las librerías LiteRT (anteriormente TensorFlow Lite) y MediaPipe Tasks de Google AI Edge para la ejecución en el dispositivo. Proporciona ejemplos y guías para la conversión de modelos, como MobileViT para clasificación de imágenes y DIS para segmentación, al formato .tflite. Los modelos convertidos pueden ser optimizados adicionalmente mediante cuantificación. El blog proporciona un codelab ejecutable en GitHub con muestras para la conversión de modelos PyTorch.", "specifications": {"herramienta": "Google AI Edge Torch", "compatibilidad_modelos": "PyTorch", "plataformas_destino": "Android y otras", "librerias_integracion": ["Google AI Edge LiteRT (anteriormente TensorFlow Lite)", "MediaPipe Tasks"], "formato_salida_conversion": ".tflite", "ejemplos_modelos_convertidos": ["MobileViT (clasificación de imágenes, compatible con MediaPipe Tasks)", "DIS (segmentación, compatible con LiteRT)"], "proceso_conversion_ejemplo": {"pasos": ["Recuperar modelo PyTorch y componentes (ej. procesador de imágenes)", "Envolver el modelo PyTorch para que coincida con las formas de entrada/salida esperadas por MediaPipe Tasks/LiteRT (ej. BHWC -> BCHW, RGB -> BGR, escalado [0, 255] -> [0, 1], aplicación de softmax para clasificación)", "Llamar a `ai_edge_torch.convert` con el modelo envuelto y argumentos de muestra (ej. `torch.rand((1, 256, 256, 3))`)", "Exportar el modelo a un archivo .tflite", "Refinar el modelo añadiendo metadatos (ej. etiquetas de clasificación) utilizando `mediapipe.tasks.python.metadata.metadata_writers`"], "optimización_adicional": "Cuantificación"}}, "pricing": {}, "features": ["Conversión de modelos PyTorch para ejecución local en dispositivos Android.", "Integración con las librerías LiteRT y MediaPipe Tasks.", "Soporte para diferentes tipos de modelos (ej. clasificación, segmentación).", "Capacidad de añadir metadatos a los modelos convertidos para un mejor uso con MediaPipe Tasks.", "Opciones de optimización como la cuantificación post-conversión."], "statistics": {}, "temporal_info": {"lanzamiento_google_ai_edge": "Principios de este año (relativo a la fecha de publicación del blog)"}, "geographical_data": {}, "references": ["https://ai.google.dev/edge (Google AI Edge)", "https://developers.googleblog.com/en/tensorflow-lite-is-now-litert/ (LiteRT)", "https://ai.google.dev/edge/mediapipe/solutions/tasks (MediaPipe Tasks)", "https://github.com/google-ai-edge/models-samples/tree/main/convert_pytorch (Muestras en GitHub)", "https://huggingface.co/apple/mobilevit-small (MobileViT)", "https://github.com/xuebinqin/DIS (DIS)", "https://android-developers.googleblog.com/2024/09/welcome-to-ai-on-android-spotlight-week.html (AI on Android Spotlight Week)", "https://github.com/google-ai-edge/mediapipe-samples/tree/main/examples/image_classification/android (Ejemplo de clasificación de imágenes en GitHub)", "https://ai.google.dev/edge/mediapipe/solutions/vision/image_classifier/android (Documentación oficial de Google AI Edge)", "https://github.com/google-ai-edge/ai-edge-torch/blob/main/docs/pytorch_converter/README.md#quantization (Cuantificación en AI Edge Torch GitHub)", "https://github.com/google-ai-edge/models-samples/blob/main/convert_pytorch/DIS_segmentation_and_quantization.ipynb (Ejemplo de cuantificación de DIS en GitHub)"]}