{"extracted_information": "La API de texto a voz (TTS) en tiempo real de Telnyx permite generar voz realística y controlar el flujo de llamadas de principio a fin, adecuada para agentes de IA, servicio al cliente, IVR dinámicos y asistencia en llamada. Ofrece acceso a voces TTS de alta calidad de Telnyx (NaturalHD), Google, Azure y Amazon Polly.", "specifications": {"proveedores_TTS_soportados": ["Telnyx (NaturalHD)", "Google", "Azure", "Amazon Polly"], "calidad_voz": "Voces de alta calidad, comparadas en claridad, tono y capacidad de respuesta en conversaciones telefónicas. Genera 'discurso realístico'.", "requisitos_latencia": "Baja latencia, operación en tiempo real."}, "features": ["Generación de voz en tiempo real", "Control de flujo de llamadas", "Programabilidad a mitad de llamada (cambiar voces, actualizar scripts, inyectar nuevo discurso dinámicamente)", "Integración con sistemas de telefonía mediante API"], "integration_methods": {"tipo_api": "API de Voz (Voice API) de Telnyx", "credenciales": ["ID de Aplicación de la aplicación Voice API", "Clave de API del portal de Telnyx"], "interaccion": "Comandos de API para realizar llamadas en vivo y generar audio en tiempo real.", "pruebas": "Soporte para webhooks.", "recursos_desarrollador": ["https://developers.telnyx.com/docs/development/get-started", "https://developers.telnyx.com/docs/voice/programmable-voice/get-started (Marcar un número con Voice API)", "https://developers.telnyx.com/api/call-control/list-text-to-speech-voices (Listar voces disponibles)", "https://developers.telnyx.com/docs/voice/programmable-voice/tts (Activar texto a voz con API)"]}, "temporal_info": {"ultima_actualizacion": "12 de agosto de 2025"}, "references": [{"titulo": "AI agent comparison: Performance, pricing, and control", "url": "/resources/ai-agent-comparison"}, {"titulo": "TeXML vs. Voice API: Which is right for your business?", "url": "/resources/voice-api-vs-texml"}, {"titulo": "HD SIP: smarter calls, better sound, AI ready", "url": "/resources/hd-voice-sip-trunking"}, {"titulo": "Telnyx & xeoTECH Partner to Power Intelligent Nordic Communications", "url": "/resources/partnerships-xeoTECH"}, {"titulo": "Reduce round-trip time for voice AI in Europe", "url": "/resources/round-trip-time-EU"}, {"titulo": "The best AI tools for building voice agents", "url": "/resources/best-ai-tools"}, {"titulo": "No-code AI: what it means for voice agent development", "url": "/resources/no-code-ai"}, {"titulo": "E911 VoIP service: Stay compliant and connected", "url": "/resources/e911-requirements-voip"}, {"titulo": "PSTN vs VoIP: What’s changed and what’s changing", "url": "/resources/what-is-pstn"}, {"titulo": "Real-time call transcription demo with speech-to-text API", "url": "/resources/speech-to-text-api-phone-call-demo"}, {"titulo": "How WebRTC powers real-time communication", "url": "/resources/what-is-webrtc"}, {"titulo": "SMS compliance in 2025", "url": "/resources/sms-compliance"}, {"titulo": "Real-time tracking for operational visibility", "url": "/resources/real-time-tracking"}, {"titulo": "What it really takes to build great AI voice agents", "url": "/resources/build-great-ai-voice-agents"}, {"titulo": "Real-time job site control starts with IoT", "url": "/resources/iot-in-construction"}]}