{"raw_content": "{\n  \"data\": {\n    \"extracted_information\": \"El contenido web proporciona una visión detallada de la arquitectura de agentes de voz de IA en tiempo real, diferenciándola de los sistemas tradicionales basados en turnos. Explora cómo los agentes de voz de IA están cambiando hacia el tiempo real con STT/TTS de streaming, arquitecturas híbridas y diseño de baja latencia para conversaciones fluidas y realistas. Aborda las arquitecturas centrales, los desafíos de implementación técnica (incluida la integración de WebRTC y sistemas de baja latencia), las métricas de rendimiento y las mejores prácticas para conversaciones bidireccionales, además de la personalización y la idoneidad del caso de uso. Los agentes de voz en tiempo real ofrecen una experiencia de usuario más dinámica y 'viva', permitiendo que el agente responda antes de que el usuario termine de hablar y exprese emociones a través de la voz, siendo ideales para conserjes de IA, agentes de soporte en vivo y asistentes multilingües en entornos de ritmo rápido, mientras que los agentes tradicionales son mejores para interacciones complejas que requieren alta precisión.\",\n    \"specifications\": {\n      \"real_time_definition\": \"Un agente de voz en tiempo real procesa la entrada hablada y genera la salida hablada con un retraso mínimo, a menudo simultáneamente. Puede comenzar a comprender y formular una respuesta mientras el usuario aún está hablando.\",\n      \"traditional_architecture_details\": {\n        \"architecture_pattern\": \"Voz → STT → LLM → TTS → Voz (pipeline secuencial)\",\n        \"stt_processing\": \"Espera la oración completa para transcribir\",\n        \"llm_behavior\": \"Comienza solo después de la salida completa de STT\",\n        \"tts_synthesis\": \"Comienza a sintetizar audio solo después de que se genera el texto completo\",\n        \"flexibility\": \"Alta — fácil de intercambiar STT, TTS y LLM de forma independiente\",\n        \"risks_challenges\": \"Requiere una orquestación cuidadosa entre los componentes para minimizar la latencia\",\n        \"technical_requirements\": \"Bajos — no necesita streaming ni orquestación de sesión\"\n      },\n      \"real_time_architecture_details\": {\n        \"architecture_pattern\": \"Streaming totalmente integrado: Voz → LLM → Voz (o variantes híbridas)\",\n        \"stt_processing\": \"Envía transcripciones parciales en tiempo real\",\n        \"llm_behavior\": \"Comienza a procesar desde la entrada parcial mientras el usuario está hablando\",\n        \"tts_synthesis\": \"Comienza a hablar tan pronto como se generan los primeros tokens, en un flujo\",\n        \"flexibility\": \"Menos flexible — los componentes STT, LLM, TTS deben admitir"}