{"extracted_information": "El contenido web proporciona información detallada sobre la recuperación de cuentas de WhatsApp baneadas, incluyendo causas comunes y procesos de apelación para baneos temporales y permanentes.", "specifications": {}, "pricing": {}, "features": [{"title": "Tipos de Baneos de WhatsApp", "details": [{"type": "Baneo Permanente", "description": "Bloqueo indefinido de la cuenta. Ocurre por violaciones repetidas (uso de apps no oficiales, mensajería masiva, ser reportado frecuentemente). La recuperación es limitada, se apela a soporte de WhatsApp pero a menudo es irreversible.", "message_displayed": "\"Tu número de teléfono ha sido baneado de usar WhatsApp.\"", "recovery_options": "Apelar a través del soporte de WhatsApp (support@whatsapp.com).", "irreversibility": "En la mayoría de los casos, es irreversible."}, {"type": "Baneo Temporal", "description": "Restricción no permanente, sirve como advertencia. Generalmente por usar versiones no autorizadas de WhatsApp, enviar mensajes muy rápido o activar sistemas de detección de spam. Muestra un contador regresivo.", "recovery_options": "Esperar a que termine el contador, desinstalar apps no oficiales e instalar la versión oficial, usar WhatsApp de manera responsable (evitar envíos masivos, no ser reportado por múltiples usuarios, no añadir mucha gente a grupos rápidamente).", "duration": "Generalmente entre unas horas y unos días."}]}, {"title": "Causas Comunes de Baneo de WhatsApp", "details": [{"cause": "Violaciones de Políticas", "description": "Envío excesivo de mensajes en poco tiempo, unirse a muchos grupos rápidamente, uso de herramientas de automatización, spam, mensajería masiva, actividad sospechosa."}, {"cause": "Aplicaciones de Terceros", "description": "Uso de versiones modificadas de WhatsApp (ej. GB WhatsApp, FM WhatsApp) que violan los términos de servicio de WhatsApp."}, {"cause": "Múltiples Reportes de Usuarios", "description": "Si múltiples personas reportan tu cuenta por spam, estafas o contenido ofensivo."}, {"cause": "Riesgos de Seguridad y Actividad Inusual", "description": "Participación en phishing, intentos de hackeo o actividades fraudulentas. Cuentas comprometidas."}]}, {"title": "Proceso de Solución para Cuentas Baneadas", "details": [{"type": "Solución para Baneo Permanente", "steps": ["Contactar a Soporte de WhatsApp: Abrir la app y seguir instrucciones para apelar, o enviar un correo a support@whatsapp.com con tu número de teléfono y solicitar una revisión.", "Explicar tu Caso: Mensaje profesional indicando que sigues las políticas de WhatsApp y solicitando reconsideración.", "Esperar Respuesta: Puede tardar de 24 a 48 horas.", "Cambiar a App Oficial: Si usabas versiones modificadas, desinstalarlas e instalar la oficial (Play Store/App Store).", "Evitar Spam o Mensajería Masiva: Si fue la causa, detener estas prácticas. Solo enviar mensajes a usuarios con consentimiento.", "Si el baneo es final: Registrar un nuevo número para usar la plataforma."]}, {"type": "Solución para Baneo Temporal", "steps": ["Desinstalar Aplicaciones No Oficiales: Si usas apps como GB WhatsApp o WhatsApp Plus, removerlas inmediatamente e instalar la oficial.", "Esperar el Contador Regresivo: El baneo es usualmente por horas o días. Una vez termina, la cuenta se restaura.", "Usar WhatsApp Responsablemente: Evitar acciones como envíos masivos, ser reportado por múltiples usuarios, o añadir demasiadas personas a grupos muy rápido.", "Habilitar Verificación en Dos Pasos: Añade una capa extra de seguridad.", "Evitar Cambio Frecuente de Dispositivo: Iniciar y cerrar sesión en diferentes dispositivos muy a menudo puede causar un baneo temporal."]}]}, {"title": "Mensaje de Solicitud de Desbaneo de WhatsApp", "details": [{"method": "Desde la aplicación", "steps": "Abrir WhatsApp, introducir número. Si hay restricción, aparecerá un mensaje. Clic en 'Solicitar una Revisión' y seguir los pasos. Puede requerir detalles adicionales del uso de la cuenta."}, {"method": "Correo electrónico directo", "email": "support@whatsapp.com", "subject_permanent": "Appeal for WhatsApp Account Ban – [Your Phone Number]", "body_permanent": "Dear WhatsApp Support,\nMy WhatsApp account [Your Phone Number] has been permanently banned. I believe this may be a mistake, as I have always followed WhatsApp policies.\nI request a review of my account. If any violation occurred, please provide details so I can ensure compliance. I rely on WhatsApp for daily communication and would appreciate your assistance.\nLooking forward to your response.\nBest regards,\n[Your Name]", "subject_temporary": "Help Required – Temporary Ban on WhatsApp Account", "body_temporary": "Dear WhatsApp Support,\nMy account [Your Phone Number] has been temporarily banned. I would like to understand the reason and ensure compliance with WhatsApp policies.\nPlease review my account and let me know the steps needed to restore access. Your assistance is highly appreciated.\nBest regards,\n[Your Name]"}]}], "statistics": {"time_to_unban": {"temporary_ban": "24 a 48 horas", "permanent_ban_appeal": "12 horas a unos pocos días (dependiendo del caso, puede tardar hasta una semana)."}}, "temporal_info": {"last_updated": "Jun 6, 2025"}, "geographical_data": {}, "references": []}