{"extracted_information": "SALSA LipSync Suite v2 es un sistema para animar personajes/avatares en juegos o aplicaciones, buscando ofrecer características de animación facial de calidad AAA con mínimo esfuerzo. Es una solución en tiempo real que se basa en un algoritmo de aproximación, no en mapeo de fonemas. Incluye tres módulos principales: SALSA (para sincronización labial), EmoteR (para emotes) y Eyes (para seguimiento y generación de ojos/cabeza).", "specifications": {"SALSA_LipSync_v2": {"tipo_sistema": "Tiempo real (realtime)", "mecanismo_sincronizacion": "Análisis de forma de onda de audio (audio waveform analysis) utilizando progresión de amplitud (amplitude progression) y otras técnicas.", "metodo_principal": "Algoritmo de aproximación (approximation algorithm).", "objetivo_calidad": "Ofrecer resultados convincentes, pero NO es un sistema de mapeo de fonemas ni produce calidad Pixar en sincronización labial.", "capacidad_entrada": "Soporta entrada de micrófono (microphone input) y entrada de texto-a-voz (text-to-speech input)."}}, "pricing": {}, "features": [{"nombre": "SALSA (Simple Automated LipSync Aproximation)", "descripcion": "Sincronización labial en tiempo real a partir de entrada de audio sin necesidad de mapeo de fonemas o 'baking'. Permite un flujo de trabajo simple y rápido. Ideal para re-grabaciones de voz sin necesidad de re-análisis."}, {"nombre": "EmoteR", "descripcion": "Utilidad de aleatorización de emotes. Permite una configuración sencilla de emotes y múltiples métodos de activación: aleatorio, activado por SALSA (para el momento y el matiz), y ciclos repetitivos. Posee una API simple para control mediante código, interfaz de usuario o Timeline."}, {"nombre": "Eyes", "descripcion": "Sistema de seguimiento y generación aleatoria de ojos y cabeza. Incluye nuevas capacidades como el seguimiento de objetos en la escena (con cabeza y ojos), seguimiento ocular independiente para un aspecto realista, y soporte para el estrabismo cuando los objetivos están cerca."}], "statistics": {"rendimiento": "Capacidades ligeras (light-weight) y en tiempo real (realtime). Mejora drásticamente las capacidades de SALSA v1. No está diseñado para calidad 'Pixar', lo que sugiere un enfoque en el rendimiento y la ligereza sobre la perfección visual absoluta."}, "temporal_info": {"version": "v2 (mejora sobre v1)"}, "geographical_data": {}, "references": ["Serie de tutoriales en video para SALSA LipSync Suite v2 (YouTube)", "Canal de YouTube de CrazyMinnowStudio para muestras y tutoriales de SALSA LipSync v2"], "compatibilidad": {"android": "No se menciona explícitamente la compatibilidad con Android en el contenido proporcionado."}, "implementacion": {"descripcion": "Diseñado para un flujo de trabajo simple y rápido con 'ideas simples' y 'mínimo esfuerzo'. La configuración es sencilla y las APIs son simples, lo que facilita la integración y el control programático."}}