{"extracted_information": "sqlite-vec es una extensión de SQLite que permite almacenar, manipular y consultar datos vectoriales directamente dentro de SQLite, ofreciendo búsqueda K-Nearest Neighbor (KNN) con múltiples métricas de distancia y rendimiento acelerado por SIMD. Está diseñado para ser portátil y sin dependencias, ideal para aplicaciones de IA embebidas, búsqueda semántica local y sistemas de recomendación offline. Su arquitectura incluye tipos de vectores nativos, almacenamiento por chunks, filtrado de metadatos y manejo transaccional. Es especialmente útil para dispositivos móviles y aplicaciones 'edge' debido a su capacidad de manejar vectores cuantificados para footprints más pequeños.", "specifications": {"tipos_de_vectores_nativos": ["float32", "int8", "bit (vectores binarios)"], "metadatos_de_vectores": "Cada columna vectorial rastrea su tipo usando la característica 'subtipo' de SQLite para seguridad de tipo.", "ingesta_de_vectores": ["Arrays JSON (ej. `[0.1, 0.3, 0.5]`)", "Blobs crudos (`BLOB`)", "Funciones SQL (`vec_f32()`, `vec_int8()`)"], "métricas_de_distancia_soportadas": [{"nombre": "L2 (Distancia Euclidiana)", "aplicabilidad": "float32, int8", "aceleración": "AVX/NEON"}, {"nombre": "L1 (Distancia de Manhattan)", "aplicabilidad": "int8 cuantificados, vectores float compactos", "aceleración": "AVX/NEON"}, {"nombre": "Similitud del Coseno", "aplicabilidad": "vectores normalizados"}, {"nombre": "Distancia de Hamming", "aplicabilidad": "solo para vectores 'bit'"}], "aceleracion_simd": {"tecnologias": "AVX (x86), NEON (ARM)", "ejemplo_rendimiento_avx": "Procesa 16 elementos float32 por ciclo para distancia L2 usando _mm256_loadu_ps, _mm256_sub_ps, _mm256_mul_ps."}}, "pricing": {}, "features": ["Soporte nativo para vectores en SQLite", "Búsqueda K-Nearest Neighbor (KNN) mediante tablas virtuales (`vec0_vtab`)", "Funciones SQL para manipulación de vectores (suma, resta, corte, normalización)", "Conversión de tipos de vectores (ej. `float32` a `int8` o binario)", "Funciones para cuantificación de vectores (ej. `vec_quantize_int8`, `vec_quantize_binary`)", "E/S JSON para vectores (ej. `vec_to_json`)", "Filtrado de metadatos (adjuntar columnas adicionales como etiquetas, marcas de tiempo, idiomas y filtrar antes del cálculo de distancia)", "Manejo de errores claro y específico de SQLite para entradas no válidas o tipos no coincidentes", "Motor de tabla virtual personalizado (`vec0_vtab`) para gestión de columnas vectoriales y planificación de consultas dinámica", "Almacenamiento de vectores basado en 'chunks' para eficiencia de memoria y localidad", "Filtrado de metadatos acelerado por bitmap", "Manejo transaccional completo, respetando la semántica ACID de SQLite"], "statistics": {"rendimiento": "Rápido y 'sorprendentemente capaz' para aplicaciones locales, embebidas o pequeñas/medianas.", "optimizaciones_de_bajo_nivel": ["SIMD (AVX, NEON)", "Almacenamiento por chunks para reducir la fragmentación de memoria y mejorar la localidad.", "Bitmaps para la validez y el filtrado de metadatos.", "Seguridad de memoria con funciones de limpieza para evitar fugas."]}, "temporal_info": {}, "geographical_data": {}, "references": ["https://stephencollins.tech/posts/how-to-use-sqlite-vec-to-store-and-query-vector-embeddings", "https://en.wikipedia.org/wiki/Euclidean_distance", "https://en.wikipedia.org/wiki/Taxicab_geometry", "https://en.wikipedia.org/wiki/Cosine_similarity", "https://en.wikipedia.org/wiki/Hamming_distance", "https://en.wikipedia.org/wiki/K-nearest_neighbors_algorithm", "https://en.wikipedia.org/wiki/SIMD"]}