{"extracted_information": "Los Términos de Servicio de WhatsApp, con fecha efectiva del 4 de enero de 2021, prohíben explícitamente el uso de automatización y bots para diversas actividades. Dentro de la sección 'Uso Aceptable de Nuestros Servicios', se establecen restricciones claras sobre comunicaciones y comportamientos no autorizados.", "specifications": {}, "pricing": {}, "features": [{"type": "prohibición", "category": "comunicaciones no permitidas", "description": "El envío de comunicaciones ilegales o impermisibles, como mensajería masiva (bulk messaging), mensajería automática (auto-messaging), marcación automática (auto-dialing) y similares."}, {"type": "prohibición", "category": "creación de cuentas", "description": "La creación de cuentas de servicio mediante medios no autorizados o automatizados."}, {"type": "prohibición", "category": "explotación no autorizada (directa o automatizada)", "description": "Realizar ingeniería inversa, alterar, modificar, crear trabajos derivados, descompilar o extraer código de los servicios de WhatsApp."}, {"type": "prohibición", "category": "explotación no autorizada (directa o automatizada)", "description": "Enviar, almacenar o transmitir virus u otro código informático dañino a través o hacia los servicios de WhatsApp."}, {"type": "prohibición", "category": "explotación no autorizada (directa o automatizada)", "description": "Obtener o intentar obtener acceso no autorizado a los servicios o sistemas de WhatsApp."}, {"type": "prohibición", "category": "explotación no autorizada (directa o automatizada)", "description": "Interferir o interrumpir la seguridad, confidencialidad, integridad, disponibilidad o rendimiento de los servicios de WhatsApp."}, {"type": "prohibición", "category": "explotación no autorizada (directa o automatizada)", "description": "Recopilar información de o sobre los usuarios de WhatsApp de cualquier manera impermisible o no autorizada."}, {"type": "prohibición", "category": "explotación no autorizada (directa o automatizada)", "description": "Vender, revender, alquilar o cobrar por los servicios de WhatsApp o datos obtenidos de ellos de manera no autorizada."}, {"type": "prohibición", "category": "explotación no autorizada (directa o automatizada)", "description": "Distribuir o poner a disposición los servicios de WhatsApp a través de una red donde puedan ser utilizados por múltiples dispositivos al mismo tiempo, excepto según lo autorizado por herramientas proporcionadas expresamente por WhatsApp."}, {"type": "prohibición", "category": "explotación no autorizada (directa o automatizada)", "description": "Crear software o APIs que funcionen sustancialmente igual que los servicios de WhatsApp y ofrecerlos para uso de terceros de manera no autorizada."}, {"type": "prohibición", "category": "explotación no autorizada (directa o automatizada)", "description": "Hacer un mal uso de los canales de denuncia, como mediante la presentación de informes o apelaciones fraudulentas o sin fundamento."}], "statistics": {}, "temporal_info": {"effective_date": "2021-01-04"}, "geographical_data": {}, "references": []}