{"raw_content": "{\n  \"data\": {\n    \"extracted_information\": \"El marco de prueba UI Automator proporciona un conjunto de APIs para construir pruebas de interfaz de usuario que interactúan con aplicaciones de usuario y aplicaciones del sistema. La versión 2.4 introduce un Lenguaje Específico de Dominio (DSL) simplificado y amigable con Kotlin, enfocado en la búsqueda de elementos basada en predicados y el control explícito sobre los estados de la aplicación. Permite probar una aplicación desde fuera de su proceso, lo que es útil para versiones de lanzamiento con minificación y pruebas de macrobenchmark.\",\n    \"specifications\": {\n      \"version\": \"2.4.0-alpha05\",\n      \"language_support\": \"Kotlin (DSL simplificado)\",\n      \"test_scope\": \"`uiAutomator { ... }` block (crea `UiAutomatorTestScope`)\",\n      \"timeout_mechanism\": \"Built-in waiting mechanism for conditional elements (`onElement*(timeoutMs: Long = 10000)`), custom timeouts for `onElement` functions (e.g., `onElement(0)`, `onElement(10_000)`)\",\n      \"screenshot_output_format\": \"Bitmap\",\n      \"dependencies\": {\n        \"gradle_kotlin\": \"androidTestImplementation(\\\"androidx.test.uiautomator:uiautomator:2.4.0-alpha05\\\")\",\n        \"gradle_groovy\": \"androidTestImplementation \\\"androidx.test.uiautomator:uiautomator:2.4.0-alpha05\\\"\"\n      }\n    },\n    \"pricing\": {},\n    \"features\": [\n      {\n        \"name\": \"Alcance de prueba uiAutomator dedicado\",\n        \"description\": \"Un ámbito de prueba específico para código de prueba más limpio y expresivo, envolviendo toda la lógica de prueba dentro de `uiAutomator { ... }`.\"\n      },\n      {\n        \"name\": \"Búsqueda de elementos UI basada en predicados\",\n        \"description\": \"Métodos para encontrar elementos UI usando condiciones (texto, estado, descripción de contenido).\",\n        \"methods\": [\n          \"`onElement { predicate }`\": \"Devuelve el primer elemento que coincide; lanza excepción si no lo encuentra.\",\n          \"`onElementOrNull { predicate }`\": \"Similar a `onElement`, pero devuelve `null` si no se encuentra el elemento.\",\n          \"`onElements { predicate }`\": \"Espera hasta que al menos un elemento coincida, luego devuelve una lista de todos los elementos coincidentes.\"\n        ],\n        \"chaining_elements\": \"Posibilidad de encadenar llamadas `onElement` para elementos anidados (jerarquía padre-hijo).\"\n      },\n      {\n        \"name\": \"Interacción con elementos UI\",\n        \"description\": \"Simulación de interacciones de usuario con elementos UI.\",\n        \"actions\": [\n          \"`click()`\": \"Simula un clic en un elemento.\",\n          \"`setText(\\\"text\\\")`\": \"Establece texto en campos editables.\",\n          \"`longClick()`\": \"Simula un clic largo.\"\n        ]\n      },\n      {\n        \"name\": \"Gestión del ciclo de vida de la aplicación\",\n        \"description\": \"Controlar el estado de la aplicación bajo prueba.\",\n        \"methods\": [\n          \"`startApp(\\\"package.name\\\")`\": \"Inicia una aplicación específica.\",\n          \"`startActivity(Activity::class.java)`\": \"Inicia una actividad específica dentro de la aplicación objetivo.\",\n          \"`startIntent(myIntent)`\": \"Inicia un intent.\",\n          \"`clearAppData(\\\"package.name\\\")`\": \"Borra los datos de la aplicación (la restablece a un estado fresco).\"\n        ]\n      },\n      {\n        \"name\": \"Manejo de UI inesperada (Watchers)\",\n        \"description\": \"Define manejadores para elementos UI inesperados, como diálogos de permisos.\",\n        \"api\": \"`watchFor(ScopedWatcher) { handler_action }`\",\n        \"example\": \"`watchFor(PermissionDialog) { clickAllow() }` o `watchFor(PermissionDialog) { clickDeny() }`.\"\n      },\n      {\n        \"name\": \"Esperar visibilidad y estabilidad de la aplicación\",\n        \"description\": \"Funcionalidades para asegurar que la UI de la aplicación es visible o estable antes de interactuar.\",\n        \"methods\": [\n          \"`waitForAppToBeVisible(\\\"package.name\\\")`\": \"Espera que una aplicación sea visible en pantalla.\",\n          \"`waitForStable()`\": \"Verifica que la UI de la aplicación (o un elemento específico) esté estable.\",\n          \"`activeWindow().waitForStable()`\": \"Espera la estabilidad de la ventana activa.\",\n          \"`onElement { id == \\\"my_element\\\" }.waitForStable()`\": \"Espera la estabilidad de un elemento UI específico.\"\n        ]\n      },\n      {\n        \"name\": \"Interacción con múltiples ventanas\",\n        \"description\": \"Inspección e interacción con elementos UI en escenarios de múltiples ventanas (e.g., Picture-in-Picture, pantalla dividida).\",\n        \"api\": \"`windows().first { it.isInPictureInPictureMode == true }`\"\n      },\n      {\n        \"name\": \"Capturas de pantalla y aserciones visuales\",\n        \"description\": \"Captura de capturas de pantalla de la pantalla completa, ventanas específicas o elementos UI individuales para pruebas de regresión visual y depuración.\",\n        \"methods\": [\n          \"`activeWindow().takeScreenshot()`\": \"Captura la ventana activa completa.\",\n          \"`onElement { id == \\\"my_element\\\" }.takeScreenshot()`\": \"Captura un elemento UI específico.\",\n          \"`saveToFile(File)`\": \"Extensión para guardar el Bitmap capturado en un archivo.\"\n        ]\n      },\n      {\n        \"name\": \"Uso de ResultsReporter para depuración\",\n        \"description\": \"Asociar artefactos de prueba (como capturas de pantalla) directamente con los resultados de prueba en Android Studio.\",\n        \"api\": \"`ResultsReporter(\\\"Name\\\")`\",\n        \"methods\": [\n          \"`addNewFile(filename, title)`\": \"Añade un nuevo archivo de artefacto.\",\n          \"`reportToInstrumentation()`\": \"Reporta los artefactos a la instrumentación para que sean visibles en Android Studio.\"\n        ]\n      }\n    ],\n    \"statistics\": {},\n    \"temporal_info\": {\n      \"last_updated\": \"2025-08-08 UTC\"\n    },\n    \"geographical_data\": {},\n    \"references\": [\n      {\n        \"title\": \"AndroidX Test UI Automator 2.4.0 release notes\",\n        \"url\": \"/jetpack/androidx/releases/test-uiautomator#2.4.0\"\n      },\n      {\n        \"title\": \"Content License\",\n        \"url\": \"/license\"\n      }\n    ]\n  }\n}"}