{"extracted_information": "La automatización de aplicaciones Android utilizando UI Automator es una técnica para crear pruebas que pueden interactuar con la aplicación y con funciones a nivel de sistema, como notificaciones o configuraciones. UI Automator es un framework adecuado para pruebas de UI funcionales entre aplicaciones instaladas. Sus APIs permiten interactuar con elementos visibles en un dispositivo, independientemente de la actividad de Android en foco, sin necesidad de acceso al código fuente de la aplicación.", "specifications": {"api_level_requirement": "UI Automator solo es compatible con dispositivos que ejecuten Android 4.3 (API nivel 18) o superior."}, "pricing": {}, "features": [{"name": "API para recuperar información de estado y realizar operaciones", "description": "Permite obtener el estado del dispositivo y ejecutar las operaciones necesarias."}, {"name": "APIs que soportan pruebas de UI entre aplicaciones (Cross-App UI Testing)", "description": "Puede interactuar con múltiples aplicaciones durante un único flujo de prueba que involucre configuraciones del sistema, notificaciones o aplicaciones de terceros."}, {"name": "Acceso a elementos de la UI del sistema", "description": "Soporta directamente componentes a nivel de sistema como diálogos de permisos, notificaciones, ajustes rápidos y más."}, {"name": "No necesita contexto de la aplicación", "description": "Funciona de forma independiente, permitiendo la interacción con otras aplicaciones incluso si no fueron desarrolladas internamente o no son parte de la misma aplicación bajo prueba."}, {"name": "Integración con AndroidX Test", "description": "Funciona eficazmente con las librerías de AndroidX Test y los ejecutores de pruebas, permitiendo flujos de automatización más fluidos con otras herramientas de prueba como Espresso o JUnit."}, {"name": "Ejecutable en dispositivos reales y emuladores", "description": "Funciona perfectamente en dispositivos reales y emuladores sin requerir acceso root o configuraciones especiales del dispositivo."}], "statistics": {}, "temporal_info": {}, "geographical_data": {}, "apis": [{"name": "UiCollection", "description": "Ayuda a enumerar los elementos de UI de un contenedor para contar o apuntar a sub-elementos por su texto visible o propiedad de descripción de contenido."}, {"name": "UiObject", "description": "Representa un elemento de UI visible en el dispositivo."}, {"name": "UiScrollable", "description": "Busca elementos en un contenedor de UI desplazable."}, {"name": "UiSelector", "description": "Utilizado para consultar más de un elemento de UI objetivo en un dispositivo."}, {"name": "Configurator", "description": "Permite configurar los parámetros clave para las pruebas de UI Automator en ejecución."}, {"name": "BySelector API (Kotlin)", "description": "Soporta selectores eficientes para localizar elementos de UI: By.text(\"...\"), By.desc(\"...\"), By.res(\"com.example:id/button\"), By.clazz(\"android.widget.Button\"). Puede combinar múltiples selectores para simplificar la búsqueda."}], "practical_examples": {"java_example": {"title": "Automatización de una aplicación Android usando UI Automator (Ejemplo de YouTube)", "steps": [{"step_number": 1, "description": "Configurar dependencias en `build.gradle` del módulo de la aplicación Android:", "code": "android {\n...\ndefaultConfig {\n...\ntestInstrumentationRunner \"android.support.test.runner.AndroidJUnitRunner\"\n}\n...\n}\ndependencies {\n...\nandroidTestCompile 'com.android.support.test.uiautomator:uiautomator-v18:2.1.2'\nandroidTestCompile 'com.android.support.test:runner:0.5'\n}"}, {"step_number": 2, "description": "Añadir una nueva clase en `module/src/androidTest`:", "code": "@RunWith(AndroidJUnit4.class)\npublic class YouTubeTestScenario {\n@Test\npublic void watchVideo() throws Exception {\n// TODO\n}\n}"}, {"step_number": 3, "description": "Usar la herramienta `uiautomatorviewer` para inspeccionar componentes de UI. Lanzar la aplicación objetivo (ej. YouTube), conectar el dispositivo, navegar a `/tools/` y ejecutar `$ uiautomatorviewer`."}, {"step_number": 4, "description": "Construir un escenario de automatización: 1. Lanzar YouTube. 2. Clic en el icono de búsqueda. 3. Ingresar 'Browserstack'. 4. Lanzar el webinar 'The pesticide paradox'. 5. Ver 40 segundos."}, {"step_number": 5, "description": "Iniciar un objeto `UiDevice` para representar el estado actual de la pantalla móvil: `UiDevice mDevice = UiDevice.getInstance(InstrumentationRegistry.getInstrumentation());`"}, {"step_number": 6, "description": "Hacer clic en el icono de búsqueda de la app de YouTube."}, {"step_number": 7, "description": "Encontrar el icono por `resource-id` y usar `waitForExists` para hacerlo clicable: `UiObject icon = mDevice.findObject(new UiSelector().resourceId(\"com.google.android.youtube:id/menu_search\")); icon.waitForExists(TIMEOUT); icon.click();`"}, {"step_number": 8, "description": "Usar `setText` para escribir la palabra clave de búsqueda: `UiObject editText = mDevice.findObject(new UiSelector().text(\"Search YouTube\")); editText.waitForExists(TIMEOUT); editText.setText(\"browserstack\"); mDevice.pressEnter();`\nCombinar selectores: `UiObject video = mDevice.findObject(new UiSelector().resourceId(\"com.google.android.youtube:id/title\").text(\"The pesticide paradox\"));`"}, {"step_number": 9, "description": "Esperar unos segundos para ver el video: `synchronized (mDevice) { mDevice.wait(40000); }`"}]}, "kotlin_and_androidx_example": {"title": "Uso de UI Automator para pruebas de UI en Android con Kotlin y AndroidX", "steps": [{"step_number": 1, "description": "Configurar el proyecto para UI Automator, añadiendo dependencias en `build.gradle (app-level)`:", "code": "dependencies {\nandroidTestImplementation(\"androidx.test.uiautomator:uiautomator:2.2.0\")\nandroidTestImplementation(\"androidx.test:core:1.5.0\")\nandroidTestImplementation(\"androidx.test.ext:junit:1.1.5\")\nandroidTestImplementation(\"androidx.test.espresso:espresso-core:3.5.1\")\n}"}, {"step_number": 2, "description": "Crear una clase de prueba de instrumentación Android (ej. `src/androidTest/java/com/yourpackage/ExampleUiAutomatorTest.kt`):", "code": "package com.yourpackage\nimport androidx.test.ext.junit.runners.AndroidJUnit4\nimport androidx.test.platform.app.InstrumentationRegistry\nimport androidx.test.uiautomator.By\nimport androidx.test.uiautomator.UiDevice\nimport androidx.test.uiautomator.Until\nimport org.junit.Before\nimport org.junit.Test\nimport org.junit.runner.RunWith\n@RunWith(AndroidJUnit4::class)\nclass ExampleUiAutomatorTest {\nprivate lateinit var device: UiDevice\n@Before\nfun setUp() {\n     device = UiDevice.getInstance(InstrumentationRegistry.getInstrumentation())\n     device.pressHome()\n}\n@Test\nfun openAppAndClickButton() {\n     val context = InstrumentationRegistry.getInstrumentation().targetContext\n     val packageName = context.packageName\n     val intent = context.packageManager.getLaunchIntentForPackage(packageName)\n     intent?.addFlags(Intent.FLAG_ACTIVITY_CLEAR_TASK)\n     context.startActivity(intent)\n     device.wait(Until.hasObject(By.pkg(packageName).depth(0)), 5000)\n     val startButton = device.findObject(By.text(\"Start\"))\n     startButton.click()\n}\n}"}, {"step_number": 3, "description": "Usar selectores para localizar elementos de UI (BySelector API): `By.text(\"... \")`, `By.desc(\"... \")`, `By.res(\"com.example:id/button\")`, `By.clazz(\"android.widget.Button\")`.\nEjemplo de combinación de selectores: `val button = device.findObject(By.res(\"com.example:id/start_button\").clazz(\"android.widget.Button\"))\nbutton.click()`"}, {"step_number": 4, "description": "Ejecutar la prueba:\n*   Desde Android Studio: Clic derecho en la clase/método de prueba, seleccionar 'Run 'ExampleUiAutomatorTest''.\n*   Desde la línea de comandos: `./gradlew connectedAndroidTest`"}, {"step_number": 5, "description": "Esperar cambios de UI usando `device.wait()` con una condición y un tiempo de espera: `device.wait(Until.hasObject(By.text(\"Next Screen\")), 3000)`"}, {"step_number": 6, "description": "Trabajar con la UI del sistema:\n*   Descartar un diálogo de permiso: `val allowButton = device.findObject(By.text(\"Allow\"))\nallowButton?.click()`\n*   Abrir notificaciones: `device.openNotification()\ndevice.wait(Until.hasObject(By.text(\"New Message\")), 3000)`"}]}}, "use_cases": ["Pruebas de UI funcionales entre aplicaciones (cross-app UI testing).", "Interacción con características a nivel de sistema (notificaciones, configuraciones).", "Navegación e interacción con la bandeja de aplicaciones, la aplicación de configuración o aplicaciones de terceros.", "Prueba de condiciones como permisos, notificaciones y flujos de trabajo multi-aplicación.", "Validación de comportamientos iniciados por notificaciones.", "Prueba de interacciones que involucran diálogos o configuraciones del sistema."], "limitations": ["Limitado a Android API 18 y superior (Android 4.3).", "Más lento en comparación con frameworks como Espresso, ya que opera en la capa de UI del dispositivo.", "Soporte limitado para gestos complejos como pellizcar, hacer zoom, arrastrar y soltar.", "Sincronización más débil con los hilos de la aplicación, requiriendo la adición explícita de condiciones de espera como `Until.hasObject()`."], "references": [{"text": "UI Testing: A Detailed Guide", "url": "https://www.browserstack.com/guide/ui-testing-guide"}, {"text": "How to Inspect or Locate Element using UIAutomatorViewer in Appium: Tutorial", "url": "https://www.browserstack.com/guide/uiautomatorviewer-tutorial"}, {"text": "Top Android Automation Testing Tools & Framework", "url": "https://www.browserstack.com/guide/android-app-automation-testing-tools"}, {"text": "Testing on Emulators vs Simulators vs Real Devices", "url": "https://www.browserstack.com/guide/testing-on-emulators-simulators-real-devices-comparison"}, {"text": "How to use Device Logs in Android and iOS to report issues", "url": "https://www.browserstack.com/guide/use-device-logs-on-android-and-ios"}]}