{"extracted_information": "El contenido web proporciona información detallada y específica sobre la optimización de arte y gráficos 3D para dispositivos móviles en Unity, cubriendo técnicas de Nivel de Detalle (LOD), optimización de texturas y aspectos relacionados con shaders, aplicables a modelos y personajes 3D, incluyendo avatares. Se enfatiza la reducción de la complejidad geométrica, el uso eficiente de texturas y el control del procesamiento de shaders para mejorar el rendimiento en plataformas móviles.", "specifications": {"optimización_geometría": ["Enfocarse en la silueta para colocar polígonos, usando texturas y mapas normales para detalles finos en lugar de geometría excesiva.", "Los polígonos y vértices son computacionalmente costosos en móviles."], "importación_modelos": ["Tipo de Animación: Establecer a 'None' para FBX sin datos de animación para evitar componentes Animator innecesarios.", "Deshabilitar rigs y BlendShapes si no se necesitan animaciones esqueléticas o de blendshape.", "Deshabilitar normales y tangentes si el material de la malla no los requiere.", "Configuración de importación: Deshabilitar 'Read/Write Enabled' para modelos no modificados en tiempo de ejecución para evitar copias en memoria.", "Batching Estático/Dinámico: Usar Static Batching para objetos estáticos con muchos vértices para reducir draw calls."]}, "pricing": {}, "features": [{"nombre": "Nivel de Detalle (LOD)", "descripcion": "Ajusta o cambia modelos a mallas más simples con materiales y shaders menos complejos a medida que los objetos se alejan para refinar el rendimiento de la GPU. \n*   Eliminar más polígonos en áreas planas y evitar zonas densas de triángulos en LODs inferiores. \n*   La complejidad del shader y el material puede optimizarse, por ejemplo, reduciendo el número de texturas para objetos distantes. \n*   Reducir el número de triángulos en un 50% entre cada nivel LOD suele ser efectivo. \n*   La topología limpia es esencial para personajes y objetos deformables o animados.", "cuando_no_usar_lod": "No es adecuado para escenas estáticas, objetos con bajo conteo de polígonos o donde la vista de la cámara es estática, debido a la sobrecarga de memoria y el mayor tamaño de archivo."}, {"nombre": "Combinar mallas y ocultar objetos", "descripcion": "Combinar varias mallas en una para reducir el número de draw calls (usando Mesh.CombineMeshes()). \n*   Usar Occlusion Culling para descartar objetos ocultos detrás de otros. Es un proceso 'baked'; marcar objetos como 'Static Occluders' o 'Static Occludees' y hornear a través de 'Window > Rendering > Occlusion Culling'."}, {"nombre": "Optimización de texturas", "sub_caracteristicas": [{"nombre": "Tamaños de textura y espacio de color", "descripcion": "Reducir el tamaño de texturas que requieren menos detalle (ej., difusa 1024x1024, roughness/metallic 512x512). Usar sRGB para texturas difusas; no para metallic, roughness, normal maps, ya que son datos, no color. Desactivar sRGB para estos últimos en el Inspector."}, {"nombre": "Hornear detalles en la textura", "descripcion": "Hornear elementos como oclusión ambiental y pequeños resaltes especulares en la textura difusa para evitar shaders costosos y características de Unity."}, {"nombre": "Texturas en escala de grises tintadas", "descripcion": "Usar texturas en escala de grises con tintado de color en el shader para ahorrar memoria de textura, a costa de crear un shader personalizado. Es más fácil aplicar en objetos con color uniforme."}, {"nombre": "Filtrado de texturas", "descripcion": "Balancear calidad visual y rendimiento. 'Nearest/Point' es el más simple pero puede hacer texturas pixeladas. 'Bilinear' promedia texels vecinos para menos pixelación pero puede verse borroso de cerca. El filtrado puede consumir hasta la mitad de la energía de la GPU. Usar 'Bilinear' y 2x anisotropic en lugar de 'Trilinear' y 1x anisotropic. Mantener el nivel anisotrópico bajo, solo usar niveles altos para assets críticos."}, {"nombre": "Configuración de importación de texturas", "descripcion": "Reducir 'Max Size' al mínimo visualmente aceptable. Usar Potencias de Dos (POT) para formatos de compresión móvil (PVRTC o ETC). 'Atlas' de texturas (Sprite Atlas de Unity o TexturePacker) para reducir draw calls. Desactivar 'Read/Write Enabled' (dobla la huella de memoria). Deshabilitar mipmaps innecesarios para sprites 2D y UI; mantenerlos para modelos 3D con distancia variable de la cámara."}, {"nombre": "Comprimir texturas", "descripcion": "Usar Adaptive Scalable Texture Compression (ATSC) para iOS y Android (mayoría de juegos). Excepciones: PVRTC para iOS A7 o inferior (iPhone 5/5S), ETC2 para Android anterior a 2016."}, {"nombre": "Empaquetado de canales de textura", "descripcion": "Empacar múltiples texturas (ej., roughness, smoothness, metallic, máscaras alpha) en una sola textura usando canales para ahorrar memoria y reducir samplers de textura. Usar el canal verde para la máscara más importante (tiene más bits)."}, {"nombre": "Despliegue UV", "descripcion": "Mantener las 'islas UV' lo más rectas posible para facilitar el empaquetado y reducir el espacio desperdiciado. Un buen empaquetado UV asegura la máxima resolución de las texturas. Considerar hornear detalles adicionales en una sola textura difusa para asegurar la visibilidad en pantallas móviles pequeñas."}]}], "statistics": {}, "temporal_info": {}, "geographical_data": {}, "references": ["https://unity.com/how-to/mobile-game-optimization-tips-part-2", "https://create.unity3d.com/optimize-mobile-game-eBook", "https://learn.unity.com/course/3d-art-optimization-for-mobile-gaming-5474?utm_source=demand-gen&utm_medium=pdf&utm_campaign=asset-links-gmg-elevate-your-game&utm_content=optimize-mobile-game-performance-ebook", "https://docs.unity3d.com/Manual/LevelOfDetail.html", "https://docs.unity3d.com/ScriptReference/Mesh.CombineMeshes.html", "https://learn.unity.com/tutorial/working-with-occlusion-culling", "https://docs.unity3d.com/Manual/class-SpriteAtlas.html", "https://www.codeandweb.com/texturepacker"]}