{"extracted_information": "El contenido proporciona un análisis detallado sobre la creación de arte estilo anime vibrante en Unreal Engine 5, enfocado principalmente en la planificación del color y la configuración de la iluminación para lograr un estilo moderno. No se mencionan técnicas específicas para shaders ni para el estilo 'kawaii' de forma explícita.", "specifications": {"umbrales_de_brillo": "Controlar el umbral mínimo de brillo final en 220, asegurando suficientes píxeles con un brillo entre 220 y 250 y manteniendo niveles suficientes en este rango."}, "pricing": {}, "features": [{"nombre": "Plan de Color", "descripcion": "Organizar los colores de la escena, crear una paleta de colores con varios colores principales de brillo consistente, y usar colores similares para asegurar la armonía. Considerar los resultados de la iluminación al planificar los colores."}, {"nombre": "Análisis de Color e Iluminación", "descripcion": "Diagrama de análisis de resultados de color: área más brillante iluminada → sombras en áreas abiertas → varios colores saturados con brillo unificado → sombras en áreas ocultas → colores base oscuros. Transición gradual a una escala de grises completa."}, {"nombre": "Enfoque en Anime Moderno (Siglo XXI)", "descripcion": "Asegurar suficientes píxeles de alto brillo en la escena. Esto depende del control de parámetros de exposición y la configuración de iluminación."}, {"nombre": "Control de Exposición", "descripcion": "Elegir entre exposición manual o automática. La configuración debe basarse en la iluminación física, aunque no se recomienda encarecidamente para proyectos personales."}], "statistics": {}, "temporal_info": {"periodo_anime_cubierto": "Anime mainstream moderno del siglo XXI, contrastado con el anime de finales del siglo XX."}, "geographical_data": {}, "references": ["Discurso de Unreal Fest (para explicación de iluminación física)"]}