{"extracted_information": "El contenido web proporciona información detallada sobre la detección de actividad de voz (VAD), los modelos de toma de turnos y la gestión de interrupciones en la IA conversacional. Se discuten sus mecanismos técnicos, la integración y las diferencias entre VAD puro y modelos de toma de turnos más contextuales, como los utilizados por Retell AI. La necesidad de procesamiento de audio en tiempo real es un tema recurrente a lo largo de la explicación de estas tecnologías.", "specifications": {"voice_activity_detection_vad": {"purpose": "Identificar la presencia o ausencia de habla humana en señales de audio para optimizar la eficiencia del procesamiento y mejorar el rendimiento de los sistemas de IA conversacional.", "technical_mechanisms": {"signal_processing_techniques": {"energy_thresholding": "Mide el nivel de energía de una señal de audio. Si la energía supera un umbral establecido, se decide que hay habla. Funciona bien en entornos silenciosos, pero puede tener dificultades en entornos ruidosos.", "zero_crossing_rate_zcr": "Cuenta cuántas veces la señal de audio cruza la línea de amplitud cero. Un ZCR más alto puede sugerir habla, especialmente combinado con mediciones de energía."}, "machine_learning_approaches": {"neural_networks": "Modelos de aprendizaje profundo, como las redes neuronales convolucionales (CNN), que analizan representaciones visuales de señales de audio (espectrogramas) para diferenciar entre habla y ruido.", "transformers": "Modelos adaptados para tareas VAD que capturan relaciones a largo plazo en los datos utilizando mecanismos de autoatención, útiles en entornos de sonido cambiantes."}, "adaptive_algorithms": "Sistemas VAD modernos que ajustan su sensibilidad en tiempo real según los niveles de ruido de fondo para mejorar la precisión de la detección.", "personalized_vad_systems": "Innovaciones que detectan el habla específica de usuarios individuales, utilizando modelos entrenados en las características de voz únicas de cada hablante para optimizar la precisión y reducir falsos positivos."}, "performance_metrics": {"front_end_clipping_fec": "Mide la frecuencia con la que el habla se corta al principio.", "mid_speech_clipping_msc": "Evalúa la frecuencia con la que el habla se interrumpe durante una conversación.", "noise_detected_as_speech_nds": "Evalúa qué tan bien el sistema distingue entre el habla real y el ruido."}}, "turn_taking_models": {"purpose": "Gestionar el flujo del diálogo en IA conversacional, reconociendo cuándo una persona ha terminado de hablar y cuándo otra puede comenzar, para una experiencia conversacional fluida.", "importance": {"natural_dialogue_flow": "Hace que las conversaciones se sientan más humanas, imitando la forma natural en que las personas interactúan.", "user_satisfaction": "Mejora la experiencia del usuario al reducir interrupciones y asegurar respuestas oportunas.", "context_maintenance": "Ayuda a la IA a recordar interacciones previas para responder de manera más significativa, especialmente en diálogos largos."}}, "hybrid_models_and_innovations": {"transformer_based_architectures": "Mejoran la detección de fin de turno incorporando comprensión semántica junto con características acústicas tradicionales.", "voice_activity_projection_vap_model": "Utiliza transformadores multicapa para predecir futuras actividades de voz basándose en entradas de audio en tiempo real de múltiples hablantes, anticipando las dinámicas de toma de turnos.", "reinforcement_learning_strategies": "Propuestas para optimizar de forma autónoma los comportamientos de toma de turnos, permitiendo que los sistemas aprendan de las interacciones del usuario y mejoren la gestión del flujo del diálogo dinámicamente."}}, "pricing": {}, "features": [{"name": "Voice Activity Detection (VAD)", "description": "Tecnología fundamental en el procesamiento de voz para identificar la presencia de habla. Optimiza la eficiencia del procesamiento y mejora la precisión al filtrar elementos que no son habla.", "capabilities": ["Optimización de recursos: reduce la carga computacional en procesos posteriores (ej. reconocimiento de voz).", "Precisión mejorada: minimiza errores al no procesar datos de audio irrelevantes.", "Mecanismos técnicos: Emplea técnicas de procesamiento de señal (umbral de energía, tasa de cruce por cero) y enfoques de aprendizaje automático (redes neuronales, transformadores).", "Adaptabilidad: Uso de algoritmos adaptativos para ajustar la sensibilidad en entornos cambiantes.", "Personalización: Sistemas VAD personalizados para características de voz individuales."]}, {"name": "Modelos de Toma de Turnos (Turn-Taking Models)", "description": "Sistemas para gestionar el flujo del diálogo en IA conversacional, determinando cuándo un hablante ha terminado y cuándo otro puede empezar.", "capabilities": ["Flujo de diálogo natural: Hacen que las conversaciones se sientan más humanas.", "Satisfacción del usuario: Mejoran la experiencia al reducir interrupciones y asegurar respuestas oportunas.", "Mantenimiento de contexto: Ayudan a la IA a seguir lo que se ha dicho en la conversación."]}, {"name": "Gestión de Interrupciones (en OpenAI's VAD)", "description": "Permite a los usuarios interrumpir mientras la IA está hablando sin romper el flujo de la conversación.", "capabilities": ["Detección instantánea de voz: Identifica automáticamente los puntos de inicio y fin del habla, reduciendo el retraso.", "Sensibilidad personalizable: Permite a los desarrolladores ajustar la configuración de detección para diferentes aplicaciones (ej. push-to-talk o conversaciones de flujo libre).", "Configuración simplificada: Combina el reconocimiento de voz y la generación de respuestas en una sola llamada API."], "limitations": "No tiene en cuenta el contexto o el significado semántico, lo que puede llevar a interrupciones si las pausas se malinterpretan como el final del turno del usuario."}, {"name": "Modelo de Toma de Turnos de Retell AI", "description": "Diferente de VAD, entiende cuándo responder y cuándo esperar basándose en el contexto y la intención, previniendo interrupciones.", "capabilities": ["Análisis contextual: Combina señales de sonido con comprensión semántica para determinar si un usuario está haciendo una pausa o ha terminado de hablar.", "Sin interrupciones: Espera pacientemente si el usuario no ha terminado de hablar, reduciendo el riesgo de cortarlos.", "Respuestas adaptativas: Aprende de diversos conjuntos de datos para manejar diferentes estilos de habla y entornos, incluso en configuraciones ruidosas o con múltiples hablantes.", "Flujo natural: Mantiene la continuidad de la conversación, haciendo que las interacciones se sientan humanas y sin esfuerzo."], "real_world_application": "Entrega una experiencia más pulida al precalificar leads, programar citas o manejar consultas de soporte, enfocándose en el flujo y el contexto, no solo en la detección de voz."}], "statistics": {}, "temporal_info": {"article_date": "27 de diciembre de 2024"}, "geographical_data": {}, "references": []}