{"extracted_information": "La página detalla las limitaciones del contenido en la versión de Android de VRChat, enfocándose en el rendimiento, la seguridad del usuario y la prevención de comportamientos maliciosos. Proporciona información sobre limitaciones específicas de avatares, shaders permitidos y componentes no soportados en Android/Quest, junto con recomendaciones de optimización.", "specifications": {"limitaciones_de_avatar": {"limite_futuro_potencial": "VRChat podría implementar un límite estricto para avatares basado en el conteo de triángulos, conteo de materiales, conteo de mallas y otras cualidades en el futuro. Se recomienda seguir las directrices de optimización de contenido para Android.", "politica_actual": "Si un avatar o mundo de avatar excede las recomendaciones, puede ser eliminado del acceso público.", "optimizacion_recomendada_shaders": "Asegurarse de habilitar \"Enable GPU Instancing\" en los materiales para mejorar el rendimiento."}, "shaders_soportados": {"ubicacion": "Todos los shaders listados están bajo `VRChat/Mobile` en el diálogo de selección de shaders.", "lista": [{"nombre": "Toon Standard", "descripcion": "Shader estilo Toon potente y configurable para plataformas móviles. Admite mapas de detalle y emisión (UV0 o UV1), rampas de sombras personalizadas, iluminación especular simplificada configurable, iluminación de borde y Matcaps. También soporta cambio de tono en albedo, emisión y detalle, mapas normales y texturas de máscara. La versión \"Outline\" no está soportada en móvil; se revertirá a la variante sin contorno. No soporta sombras en tiempo real en PC."}, {"nombre": "Standard Lite", "descripcion": "Versión 'Lite' de Unity Standard que requiere menos VRAM. Soporta mapeo de canales del estándar metálico de Unity (excepto Alpha y Parallax). La textura difusa es teñida por los colores de vértice de la malla. Permite optimizar canales empaquetándolos en la misma textura (Textura 1: Albedo (RGB) y Máscara de Detalle (A); Textura 2: Metálico (R), Oclusión (G) y Suavidad (A)). No recomendado en PC por no soportar iluminación en tiempo real."}, {"nombre": "Bumped Diffuse", "descripcion": "Difuso con mapa normal. La textura difusa es teñida por los colores de vértice."}, {"nombre": "Bumped Mapped Specular", "descripcion": "Difuso con mapa especular (brillo) en el canal alfa. La textura difusa es teñida por los colores de vértice. Soporta mapa normal."}, {"nombre": "Diffuse", "descripcion": "Solo difuso. La textura difusa es teñida por los colores de vértice."}, {"nombre": "Matcap Lit", "descripcion": "Difuso con entrada de matcap. Puede simular superficies metálicas brillantes. La textura difusa es teñida por los colores de vértice."}, {"nombre": "Toon Lit", "descripcion": "Proporciona sombreado y sombras tipo toon. Para personajes de estilo cartoon con colores planos. La textura difusa es teñida por los colores de vértice."}, {"nombre": "Particles/Additive", "descripcion": "Para partículas. Mezcla en modo aditivo."}, {"nombre": "Particles/Multiply", "descripcion": "Para partículas. Mezcla en modo de multiplicación."}], "shaders_solo_para_mundos": ["Lightmapped", "Skybox", "Supersampled UI"]}, "componentes_no_soportados_o_limitados_en_avatares_android_quest": [{"componente": "Dynamic Bones", "estado": "Completamente deshabilitado", "alternativa": "Usar PhysBones en su lugar."}, {"componente": "Cloth", "estado": "Completamente deshabilitado"}, {"componente": "Cameras", "estado": "Completamente deshabilitado para avatares", "nota": "Permitido en mundos, pero se debe tener cuidado con el uso excesivo."}, {"componente": "Lights", "estado": "Completamente deshabilitado para avatares"}, {"componente": "Video Players", "estado": "Funciona con algunas limitaciones"}, {"componente": "Post-Processing", "estado": "Completamente deshabilitado", "razon": "La GPU no está diseñada para manejar estos efectos eficientemente."}, {"componente": "Audio Sources", "estado": "Completamente deshabilitado para avatares", "razon": "Consumen muchos recursos de CPU y las voces tienen prioridad."}, {"componente": "Physics Objects (Rigidbodies, colliders, joints)", "estado": "Completamente deshabilitado para avatares", "nota": "Permitido en mundos, pero se debe tener cuidado de no excederse."}, {"componente": "Particle Systems", "estado": "Fuertemente limitado en avatares", "referencia": "Configuraciones que reflejan los límites de sistemas de partículas de avatares en PC."}, {"componente": "Constraints (Unity constraints)", "estado": "Completamente deshabilitado para avatares", "alternativa": "Usar VRChat Constraints en su lugar.", "razon": "Problemas de rendimiento complejos; impactan más el rendimiento, especialmente en dispositivos limitados."}, {"componente": "FinalIK", "estado": "Completamente deshabilitado para avatares", "razon": "Fuente ilimitada de consumo de recursos; no hay planes de habilitarlos en estas plataformas."}]}, "pricing": {}, "features": [], "statistics": {}, "temporal_info": {"cambios_futuros": "VRChat puede implementar límites estrictos para avatares en el futuro. La lista de shaders y componentes soportados puede cambiar, y se anunciará en las notas de parche."}, "geographical_data": {}, "references": ["Android Content Optimization", "PhysBones", "Video Players", "Avatar Particle System Limits", "VRChat Constraints"]}