{"extracted_information": "El contenido proporciona directrices detalladas para la optimización de contenido en VRChat para Android, enfocándose en avatares y mundos. Incluye recomendaciones sobre límites de contenido, uso del Unity Profiler, tamaño de archivo, conteo de triángulos y mallas, materiales, texturas, iluminación, culling, conteo de huesos y shaders. Se hace hincapié en la importancia de la optimización debido a las limitaciones de los dispositivos móviles.", "specifications": {"limites_contenido_android": {"mundos": {"tamaño_max_archivo": "100MB (post-compresión)", "triangulos_recomendado": "250,000"}, "avatares": {"tamaño_objetivo_archivo": "5-8 MB (post-compresión)", "tamaño_max_archivo": "10MB (post-compresión)", "triangulos_recomendado": "menos de 10,000", "renderizadores_malla": "1 Skinned Mesh Renderer (ideal)", "materiales_recomendado": "1 (2 permisible para variantes de shader)", "shaders": "solo shaders móviles de VRChat (SDK)", "componentes_deshabilitados": ["Cloth", "Cameras", "Lights", "Post Processing (v1 y v2)", "Audio Sources", "Rigidbodies", "Colliders", "Joints"], "particulas": "fuertemente limitadas"}}, "texturas": {"resolucion_max_recomendada": "1024x1024 (1k)", "compresion": "considerar compresión Crunch (advertencia sobre compatibilidad futura)", "nota_compresion_crunch": "solo reduce tamaño de descarga, no tamaño en memoria"}, "iluminacion": {"solo_mundos": "sí", "recomendacion": "hornear iluminación (baked lighting) y usar light probes", "luces_en_tiempo_real": "no recomendadas (muy costosas)"}}, "pricing": {}, "features": [{"nombre": "Unity Profiler", "descripcion": "Herramienta recomendada para cuantificar métricas de rendimiento (ej. draw calls, tiempo de frame) en mundos y avatares. Ayuda a identificar cuellos de botella."}, {"nombre": "Culling (Occlusion Culling)", "descripcion": "Esencial para mundos. Permite que el hardware renderice solo lo que es visible, ignorando lo oculto. Se recomienda hornear el occlusion culling. Importante no fusionar mallas de forma excesiva en mundos para permitir un culling efectivo."}, {"nombre": "LOD (Level of Detail)", "descripcion": "Aunque no se menciona explícitamente como 'LOD', las recomendaciones sobre conteo de triángulos bajo (menos de 10,000 para avatares) y mallas (reducir a un solo Skinned Mesh Renderer, fusión de accesorios) buscan un efecto similar al LOD. Se menciona la 'decimación' y 'retipología' de geometría para reducir el conteo de polígonos."}, {"nombre": "Rendimiento de Avatares", "descripcion": "Estrategias de optimización clave incluyen: reducir el tamaño de archivo, mantener bajo el conteo de triángulos, usar un solo Skinned Mesh Renderer, limitar materiales a uno o dos con atlasing, reducir conteo de huesos fusionando pesos, usar solo shaders móviles de VRChat, y evitar componentes deshabilitados (ej. Cloth, luces, cámaras, post-procesado)."}, {"nombre": "Sistema de Clasificación de Rendimiento de Avatar", "descripcion": "Los avatares que exceden las recomendaciones pueden ser afectados por este sistema, incluyendo la remoción del acceso público. Las recomendaciones de conteo de triángulos se aplican a través de este sistema."}], "statistics": {}, "temporal_info": {"proximo_cambio_limites": "Se establecerá un límite estricto de conteo de mallas para avatares de Quest en un futuro cercano.", "proximo_cambio_materiales": "Se establecerá un límite estricto de materiales para avatares de Quest en un futuro cercano."}, "geographical_data": {}, "references": ["https://learn.unity.com/tutorial/optimizing-your-vr-ar-experiences", "https://www.youtube.com/watch?v=w0n4fuC4fNU", "/platforms/android/quest-content-limitations", "/avatars/avatar-performance-ranking-system", "https://docs.unity3d.com/Manual/Profiler.html", "https://unity3d.com/learn/tutorials/topics/interface-essentials/profiler-overview-beginners", "https://unity3d.com/learn/tutorials/topics/interface-essentials/introduction-profiler", "https://github.com/michaeldegroot/cats-blender-plugin"]}