{"extracted_information": "VRoid Studio es un software gratuito de creación de personajes 3D, diseñado para ser intuitivo y fácil de usar, incluso para principiantes. Permite crear avatares de estilo anime altamente personalizables. El flujo de trabajo implica el uso de elementos preestablecidos, ajuste de parámetros detallados, edición directa en tiempo real, combinación de plantillas para ropa, y adición de accesorios. Ofrece herramientas avanzadas como edición de texturas con soporte para tableta gráfica (incluyendo Apple Pencil) y creación de cabello 3D con control de física. Los modelos creados son propiedad del usuario y pueden exportarse en formato VRM, lo que permite su uso en diversas plataformas y aplicaciones que soporten este formato, incluyendo aquellas basadas en Unity. VRoid Studio está disponible para Windows, macOS y iPadOS, pero no para Android directamente.", "specifications": {"windows": {"os": "Windows 8.1 / 10 / 11", "cpu": "Intel Core i5 6ª generación o posterior, AMD Ryzen 5 3ª generación o posterior", "memoria": "8 GB RAM", "gráficos": "Intel Iris Graphics 540 o superior", "almacenamiento": "10 GB de espacio disponible"}, "macos": {"os": "macOS 11", "modelo_año": "Modelos de 2015 o posteriores", "cpu": "Intel Core i5 6ª generación o posterior", "memoria": "8 GB RAM", "almacenamiento": "10 GB de espacio disponible"}, "ipad": {"os": "iPad OS 15 o posterior", "modelo_año": "Modelos de 2018 o posteriores"}}, "pricing": {"estado": "Gratuito", "disponibilidad": "Disponible para descargar sin coste."}, "features": [{"nombre": "Creación de Personajes 3D", "descripcion": "Software intuitivo y adaptable para crear personajes originales."}, {"nombre": "Fácil de Usar", "descripcion": "Diseñado para principiantes con muchos elementos preestablecidos y parámetros ajustables."}, {"nombre": "Personalización Detallada", "descripcion": "Libertad total para expresar originalidad, personalizando características mínimas hasta el más mínimo detalle."}, {"nombre": "Personalización del Cuerpo", "descripcion": "Ajuste completo de la forma del cuerpo del modelo."}, {"nombre": "Elementos Personalizables", "descripcion": "Rasgos faciales, peinados, atuendos y otros ítems preestablecidos personalizables en forma, color y diseño mediante deslizadores intuitivos."}, {"nombre": "Edición en Tiempo Real", "descripcion": "Edita el modelo directamente y ve los cambios en tiempo real."}, {"nombre": "Diseño de Atuendos", "descripcion": "Combina plantillas y superposiciones para crear atuendos originales con siluetas variadas."}, {"nombre": "Accesorios", "descripcion": "Añade accesorios como gafas, orejas de conejo o gato con un clic; se esperan nuevas adiciones en futuras actualizaciones."}, {"nombre": "Parámetros y Texturas Editables", "descripcion": "Más de 10 parámetros dedicados para personalizar forma, tamaño y detalles. Posibilidad de usar texturas originales."}, {"nombre": "Herramienta de Lápiz para Texturas", "descripcion": "Soporte para sensibilidad a la presión en tabletas gráficas, función de capas, dibujo directo en modelos 3D y mapeo UV en tiempo real. La versión de iPad es compatible con Apple Pencil."}, {"nombre": "Dibujo de Cabello 3D", "descripcion": "Creación de mechones de cabello con un solo trazo, edición mediante parámetros y configuración individual del rebote del cabello."}, {"nombre": "Exportación VRM", "descripcion": "Todos los modelos son exportables como archivos VRM y pueden subirse a aplicaciones que soporten el formato."}, {"nombre": "Uso Libre de Modelos", "descripcion": "Los usuarios pueden establecer sus propios términos de uso para los datos de los modelos, texturas e ítems creados, incluyendo permisos de uso comercial y créditos."}, {"nombre": "Integración VRoid Hub", "descripcion": "Sube modelos a VRoid Hub para compartir con la comunidad y usarlos en varios juegos y plataformas integradas."}], "statistics": {}, "temporal_info": {"noticias_destacadas": [{"fecha": "14.07.2025", "titulo": "Anuncio de la segunda colaboración entre el diseñador de kimonos JOTARO SAITO y XWear: Kimono avatar 3D 'Blousing Stripe' ahora disponible para VRChat."}, {"fecha": "26.12.2024", "titulo": "Celebración del lanzamiento estable de XWear: 23 nuevos avatares preestablecidos añadidos a VRoid Studio."}]}, "geographical_data": {}, "references": ["https://apps.apple.com/us/app/vroid-studio/id6449727674 (Descarga iPad App Store)", "https://store.steampowered.com/app/1486350/ (Descarga Steam)", "https://policies.pixiv.net/en.html#vroidstudio (Términos de Uso)", "https://policies.pixiv.net/en/privacy_policy.html (Política de Privacidad)", "https://vroid.pixiv.help/hc/en-us/articles/22212988393881 ([Importante] Acerca de la Resolución de Visualización de Texturas en VRoid Studio para iPad)", "https://vroid.com/en/studio/guidelines (Condiciones de Licencia)", "https://hub.vroid.com/en/ (VRoid Hub)", "/en/studio/releases (Instaladores Windows, macOS)", "https://vroid.pixiv.help/hc/en-us/articles/900006049066 (Requisitos del entorno operativo/especificaciones requeridas)", "https://www.youtube.com/channel/UCIvsG5OqoE7QKhQJms9cVJw (Canal de YouTube)"]}