{"extracted_information": "El contenido web proporciona una comparación detallada del rendimiento entre OpenGL ES y Vulkan, enfocándose en su aplicación para gráficos intensivos en Android. Se realizaron pruebas utilizando muestras de NVIDIA en escritorio para rendimiento (Vulkan, OpenGL ES 3.1 y OpenGL ES 2.0) y Unreal Engine para comparaciones gráficas en móvil (OpenGL ES 2.0, OpenGL ES 3.1, Vulkan), monitoreando el uso de CPU y GPU. La conclusión es que Vulkan supera significativamente a OpenGL ES 3.1 en rendimiento.", "specifications": {"comparacion_apis": ["OpenGL ES 2.0", "OpenGL ES 3.1", "Vulkan"], "plataforma_pruebas": "Android (móvil, Nexus 6P) y Escritorio (muestras NVIDIA)", "motores_usados": ["Unreal Engine", "Muestras de NVIDIA"]}, "pricing": {}, "features": [{"nombre": "Calidad gráfica", "descripcion": "Vulkan ofrece mayor rendimiento y control del hardware, lo que permite una mejora en la calidad gráfica debido a mejores optimizaciones. No hay diferencia gráfica en Unreal Engine entre Vulkan y OpenGL ES 3.1. OpenGL ES 3.1 ofrece mejor calidad que OpenGL ES 2.0, pero con un impacto significativo en el rendimiento."}, {"nombre": "Rendimiento", "descripcion": "Vulkan supera a OpenGL ES 3.1 en términos de rendimiento."}, {"nombre": "Multithreading", "descripcion": "Vulkan tiene mejores capacidades de multithreading, distribuyendo la carga de trabajo entre múltiples núcleos de CPU."}, {"nombre": "Control de bajo nivel", "descripcion": "Vulkan ofrece un control de bajo nivel y mayor dependencia del desarrollador para la asignación de recursos del dispositivo, lo que contribuye a un mejor rendimiento."}], "statistics": {"fps_comparacion": {"vulkan_vs_opengl_es_3_1": "Vulkan más que triplica los FPS comparado con OpenGL ES 3.1.", "opengl_es_3_1_vs_opengl_es_2_0": "OpenGL ES 3.1 rinde a un tercio de los FPS de OpenGL ES 2.0 para la misma escena."}, "cpu_usage_comparacion": {"vulkan_vs_opengl_es_3_1_threads": "El uso de CPU de Vulkan es más del doble en los 8 hilos comparado con OpenGL ES 3.1.", "vulkan_fish_per_second": "Vulkan maneja dos millones de 'peces' por segundo.", "opengl_es_3_1_fish_per_second": "OpenGL ES 3.1 maneja alrededor de 900 mil 'peces' por segundo.", "distribucion_carga_cpu": "Vulkan distribuye la carga a través de todos los núcleos (ej. 8 núcleos), mientras que OpenGL ES 3.1 se enfoca en uno, resultando en menos estrés general para la CPU con Vulkan, aunque el uso técnico de CPU sea mayor."}, "draw_calls_comparacion": {"vulkan_vs_opengl_es_3_1": "Vulkan permite un poco más de 3 veces la cantidad de llamadas de dibujo comparado con OpenGL ES 3.1."}, "gpu_usage_comparacion": {"unreal_engine": "Aproximadamente 20% de uso de GPU.", "nvidia_test": "Aproximadamente 4% de uso de GPU.", "opengl_es_3_1_adicional": "OpenGL ES 3.1 usó aproximadamente un 1% extra de GPU que Vulkan; se estima una posible diferencia de 10-20% en móviles."}, "ram_usage": "El uso de RAM no cambia entre las pruebas."}, "temporal_info": {"adopcion_vulkan_android": "Lenta, ya que los motores de terceros (Unreal Engine, Unity) aún no tienen integración completa para Android. Tomará tiempo para que los desarrolladores integren la nueva API."}, "geographical_data": {}, "references": ["https://developer.android.com/ndk/guides/graphics/index.html (API de gráficos Vulkan de Google)", "https://www.androidauthority.com/opengl-es-3-2-vulkan-everything-to-know-632068/ (Vulkan – todo lo que necesitas saber)", "https://www.androidauthority.com/making-high-performance-3d-apps-vulkan-700916/ (Creando aplicaciones 3D de alto rendimiento con Vulkan)", "https://imgtec.com/blog/gnomes-per-second-in-vulkan-and-opengl-es/ (Resultados de pruebas de Imagination Technologies)", "https://unity3d.com/unity/roadmap (Hoja de ruta de Unity)"], "dispositivos_compatibles": {"snapdragon": "8xx y superiores con GPUs Adreno 4xx y superiores", "exynos": "5433, 7420, 8890 y presumiblemente todos los modelos posteriores"}}